Owner(s),Co-Owner,Address,Total Value,Land Value,Last Sale Price,Last Sale Date,Parcel Area,Zone
DELMARTINO LAURA J,,16 CAFFYN DR,"267,500","69,400",0,2003-12-29,0.50 A,R
VITARELLI RONALD R & TRACI A,,345 NO MAIN ST,"447,700","113,300","496,000",2024-06-13,2.52 A,DBIZ5
DUISENBERG MARC D,CHAFFEE JENNIFER,7 RIDGEWOOD DR,"417,000","91,800","235,900",2004-02-25,1.30 A,R
SLUSARCZYK PAUL W + SANDRA B,,28 PHELPS RD,"342,100","90,800","156,000",1997-06-27,1.92 A,R
TRACEY TRAILS LLC,,42 RHONDA WAY,"120,600","120,600","125,000",2022-08-31,2.68 A,R
J & S ENTERPRISE INC,,394 NO MAIN ST,"676,500","146,900",0,2014-04-14,1.13 A,DBIZ
QUINT RAYMOND L + SUZANNE,,64 ROBERTS RD,"355,000","80,300","225,000",1988-06-27,0.86 A,R
BRANHAM LAWRENCCE M,,199 SOUTH RD,"431,900","87,800",0,2005-01-18,1.31 A,R
TOWNSEND JENELLE,,143 HEBRON RD,"433,900","80,000","300,000",2020-08-25,2.78 A,R
LAZZARI BARBARA C,,54 SO BUCKBOARD LN,"514,200","87,800",0,2012-12-26,1.33 A,R
LARENSEN LIVING TRUST,LARENSEN JOHN E III,51 DICKENSON RD,"474,900","88,600",0,2020-02-06,1.68 A,R
BALL JO ANN & FRANK V,,371 SO MAIN ST,"344,300","118,500",0,2015-09-08,5.68 A,R
AVERY JON J & JESSICA D,,63 DICKENSON RD,"324,000","83,000","242,000",2013-10-01,1.26 A,R
MOCKALIS CHRISTINE A,,49 PORTLAND RD,"341,400","97,200",0,2000-11-06,2.84 A,R
VIVIANO STEPHEN & LISA M,,19 HALL TRL,"284,800","55,500","285,000",2022-10-03,0.21 A,R
WALLMAN JONATHAN A & SHEENA L,,54 ROBERTS RD,"371,100","85,300","250,000",2008-09-11,1.13 A,R
HOOKER JEFFREY J & ANNE L,,72 LAUREL LN,"466,500","90,000","380,000",2009-11-02,1.18 A,R
VAGELL JEFFREY & THERESA,,54 FLOOD RD,"370,800","86,100",0,2023-01-05,1.16 A,R
CUSANO BRIAN & WENDY,,25 PETTENGILL RD,"245,300","71,700","260,000",2022-04-07,0.34 A,R
SCHUSTER GRACE M,,228 WEST RD,"441,300","90,200","387,000",2007-08-06,1.82 A,R
MLODZIANOWSKI MARIUSZ & EWELINA,,14 VICTORIA LN,"411,100","86,900",0,2018-08-13,1.25 A,R
MCKINNON ROBERT D C + KIMBERLY C,,174 FLOOD RD,"519,900","104,800","146,000",1994-04-20,3.81 A,R
WCG PROPERTIES LLC,,PHELPS RD,"383,600","383,600","325,000",2026-02-19,52.00 A,R
RUBERA LOUIS R & DEBRA JOAN,,32 FLOOD RD,"449,500","81,800","137,700",2019-04-26,1.18 A,R
LEGAULT MARTIN M + LINDA M,,37 DEER RUN,"417,800","87,800",0,1900-01-01,1.29 A,R
AKHAND KABIR + RASHIDA,,36 FLOOD RD,"618,200","81,000","311,000",2004-07-13,1.15 A,R
KELEHER EDWARD R + DINA M,,18 MAYFLOWER RD,"415,800","91,800","350,000",2008-06-23,1.31 A,R
LEGER WILLIAM F + SALLY E,,219 WEST RD,"380,300","83,000",0,1900-01-01,1.25 A,R
DE LELLO RYAN,LETTAU HANNAH,170 SANER RD,"445,200","91,300","433,000",2025-02-18,2.00 A,R
CREGEUR JEFF,,34 FLOOD RD,"426,400","81,800","390,000",2024-09-09,1.16 A,R
RAU ALLAN F III,BRIGGS MARK TRUSTEES,65 SO BUCKBOARD LN,"388,700","87,800",0,2015-05-13,1.32 A,R
21 SOUTH MAIN STREET LLC,,21 SO MAIN ST,"248,200","83,500","220,000",2022-08-17,0.52 A,GC
LENIHAN DAVID G + MARY JANE M,,14 EAGLE ROCK TRL,"509,900","92,600",0,1900-01-01,1.40 A,R
LEARY ROBERT J + DEBORAH,,9 SO BUCKBOARD LN,"505,500","90,300",0,1986-06-30,1.49 A,R
SMITH GREGORY J + LYNDA W,,34 MILLSTONE DR,"451,000","81,000","162,500",1997-10-20,1.16 A,R
DICKINSON MILTON J JR. + ANN L,,115 CHAPMAN RD,"507,000","105,000","350,000",2005-03-24,3.34 A,R
HAXHI JEFFREY,,59 LAFAYETTE RD,"296,500","81,100","365,000",2025-10-17,0.89 A,R
BALTRUCKI MARCUS D & LINA M,,40 MILLSTONE DR,"455,900","90,000",0,2018-07-12,1.16 A,R
BOERENKO ADAM & IVELISSE,,44 BULL HILL RD,"67,300","60,100",0,2019-10-01,17.85 A,R
LEONARD JILL KAREN LEONARD SCOTT WILLIA,,310 JONES HOLLOW RD,"314,500","78,800",0,2017-12-07,1.25 A,R
SMITH STACY E,,216 JONES HOLLOW RD,"317,100","88,100","132,500",1999-08-20,2.15 A,R
SAVAGE TONI & ERIC,,33 HICKORY RD,"299,500","66,100","255,000",2022-06-15,0.50 A,R
LESSARD DAVID L + DORIS G,,36 SOUTH RD,"284,900","85,300",0,1900-01-01,1.10 A,R
LESTER FAMIY TRUST,,214 JONES HOLLOW RD,"533,000","293,600",0,2026-05-19,33.40 A,R
CHASE MICHAEL & GINA,,52 HODGE RD,"305,000","75,800","295,000",2021-06-25,0.82 A,R
33 LAUREL LANE LLC,,33 LAUREL LN,"656,700","100,000","570,000",2025-04-25,2.01 A,R
MACDONALD SANDRA,,16 SCHOOL DR,"405,400","73,000",0,2003-10-01,0.84 A,GC
DICKIE RYAN & HORTON ABIGAIL SB,,27 FINLEY HILL RD,"312,900","88,400","311,280",2021-03-23,2.32 A,R
VALLERA GIOVANNI & MARIA O,,25 FINLEY HILL RD,"553,000","90,000","333,500",2019-09-03,2.45 A,R
HALE NANCY B,FARLEY DAVID B,34 KEIRSTEAD CIR,"344,400","63,800",0,2000-05-31,0.42 A,R
LEWIS JOHN,,160 FLOOD RD,"351,000","92,000",0,2024-11-26,1.65 A,R
AHLBERG GARY,FAHY DANIELLE,65 ISLEIB RD,"547,000","86,100","601,818",2023-09-12,1.22 A,R
LEZON JESSICA,DOIRON AMELIA,90 SANER RD,"336,100","68,600",0,2023-10-26,0.46 A,R
CAMILLERI TERRI L,MCKINNON KIMBERLY,166 FLOOD RD,"525,700","106,800",0,2024-11-13,3.60 A,R
BARAN JOHN S + LEANNE,,48 FINLEY HILL RD,"420,400","96,400",0,1900-01-01,2.72 A,R
ALMOOR TERESA,,89 SOUTH RD,"379,800","86,900",0,2025-09-16,1.25 A,R
CARAMANTE F SHAWN,,15 STAGE HARBOR RD,"328,400","86,900","235,000",2020-10-03,1.28 A,R
WELNA BRITTANY & ANDREW,,94 JONES HOLLOW RD,"429,200","70,700","287,500",2019-03-29,0.75 A,GC
HENDERSON CHAD R & JENNIFER A,,50 ROBERTS RD,"367,500","80,300","295,000",2005-12-13,0.86 A,R
SILAGI CLAUDETTE B,,52 LAKERIDGE DR,"290,400","114,400","197,500",2001-09-26,0.55 A,R
VEILLEUX DANNY R,,34 SO BUCKBOARD LN,"447,000","86,900","340,000",2020-08-17,1.26 A,R
CAVALIERI JOHN B,,46 KELLOGG RD,"347,700","95,700","178,500",2000-07-25,2.01 A,R
CRISTOVAO PEDRO J,HERMAN DAWN M,33 ROBERTS RD,"336,700","88,600","255,000",2007-06-28,1.40 A,R
MCL PROPERTIES,,86 SO MAIN ST,"125,000","66,900","33,333",2002-01-02,0.55 A,R
RAMIREZ MARIBEL,RUBEN SANCLEMENTE,22 STANDISH DR,"357,500","83,800","264,900",2005-08-30,1.32 A,R
MITCHELLA LUCY EST,HILL JOHN R,77 MILLSTONE DR,"346,000","89,100",0,2025-08-11,1.15 A,R
MCL PROPERTIES LLC,,70 SO MAIN ST,"131,000","54,700","33,333",2002-01-02,0.20 A,R
MCL PROPERTIES LLC,,72 SO MAIN ST,"167,200","54,700","33,333",2002-01-02,0.20 A,R
SCHREUDER PATRICIA,,256 SOUTH RD,"613,700","156,900",0,1997-11-20,13.96 A,R
MORTON BRUCE L,,77 SOUTH RD,"373,600","97,300","299,000",2004-06-11,2.38 A,R
EAST HAMPTON ROAD APARTMENTS LLC,,196 E HAMPTON RD,"1,629,500","90,600",0,2018-10-24,1.16 A,R
LORD ARTHUR J,,180 JONES HOLLOW RD,"288,300","93,900",0,2020-10-28,2.99 A,R
LORD DOUGLAS M + SANDRA J,,60 SOUTH RD,"356,800","88,600","260,000",2003-10-16,1.40 A,R
ROUTHIER PROPERTIES LLC,,150 FLOOD RD,"401,800","113,900",0,2021-09-20,4.00 A,R
VILLAR ALANE & DANIEL,,225 FLOOD RD,"577,500","105,800","535,000",2021-08-30,3.46 A,R
LUCAS JOHN J + ANITA A,,357 SO MAIN ST,"360,100","95,500",0,1900-01-01,1.99 A,R
WELLS EDWARD,WELLS DONNA J,171 JONES HOLLOW RD,"311,900","90,400","310,000",2022-04-29,2.48 A,R
LOVETT JOSEPH L JR + JACQUELINE,,84 WEST RD,"465,500","87,300",0,1900-01-01,2.12 A,R
CAROTI JENNY & CAROTI SNOW KIMBERLY,,146 SO MAIN ST,"408,700","87,700","355,000",2021-04-12,2.09 A,R
SIBIGA PAUL T,,66 NO PARKER RD,"521,900","118,800","180,000",1992-11-02,6.51 A,R
LORD PHYLLIS,,33 SOUTH RD,"321,600","83,600",0,2014-04-09,1.00 A,R
SCHREUDER PATRICIA,,256 SOUTH RD,"613,700","156,900",0,1997-11-20,13.96 A,R
WOODMANCY DARRIN R + JUDITH R,,46 LAFAYETTE RD,"240,600","79,400","106,250",1995-07-03,0.80 A,R
BLACKMAN ERIC,,179 E HAMPTON RD,"332,700","76,600","202,000",2012-11-05,1.74 A,R
CLARK RIVA R LIVING TRUST,,9 HALL TRL,"170,400","51,700",0,2023-12-04,0.15 A,R
TESSLER SARA TR TESSLER SARA REVOCABLE T,,12 LAKERIDGE DR,"385,200","113,100",0,2022-07-13,0.51 A,R
ROBERT LORD JR EST,,3 HICKORY RD,"173,600","66,100",0,2023-12-19,0.51 A,R
198 EHRD LLC,,198 E HAMPTON RD,"214,800","84,100",0,2018-04-11,2.60 A,GC
KELLY JOHN P,,175 FLOOD RD,"369,400","87,800",0,2021-11-11,1.34 A,R
MOZZI MARINA E,SIENKIEWICZ LINDA A,162 SOUTH RD,"329,400","83,600","215,000",2002-11-04,1.00 A,R
BENJAMIN RAYMOND & KATHY,,74 SO MAIN ST,"315,600","87,900","30,000",2020-02-20,2.13 A,R
MACARY MELODY B,,54 STAGE HARBOR RD,"329,300","86,900",0,2024-12-26,1.28 A,R
ALLINGHAM GEORGE E + VIVIAN,,11 BUCKBOARD LN,"376,400","83,000",0,1900-01-01,1.27 A,R
BODEY W JUSTIN,,60 LAKERIDGE DR,"381,200","114,400","195,000",2019-10-16,0.55 A,R
GARRETT CHRISTOPHER M & SUSANNE L,,101 NO MAIN ST,"97,700","97,500",0,2024-12-26,0.28 A,R
TAVANI MATTHEW R,HERSH KATRINA,92 SOUTH RD,"442,600","94,500","430,000",2024-01-29,1.88 A,R
FILOSA KURT A & KATHLEEN A,,64 LAKERIDGE DR,"491,500","114,400","420,000",2005-10-17,0.55 A,R
VITARELLI RONALD,VITARELLI TRACI,194 NO MAIN ST,"950,700","485,000","317,000",2019-09-05,0.88 A,GC
SANCHINI JOSHUA & CHRISTINA,,304 JONES HOLLOW RD,"346,400","83,000","315,000",2020-12-04,1.25 A,R
LEMIEUX ASHLEY ELIZABETH,,103 NO MAIN ST,"248,300","96,200","225,000",2018-12-27,0.22 A,R
MACHEL EDWARD K + CAROL A,,36 HICKORY RD,"328,800","66,100",0,1900-01-01,0.50 A,R
MACRES  CONSTANCE: ESTATE,,106 STAGE HARBOR RD,"373,500","83,600",0,2023-09-15,1.00 A,R
MAGNER FRANKLIN H + DONNA L,,29 STURBRIDGE RD,"398,400","88,600",0,1900-01-01,1.40 A,R
MACRINA JAMES M + ANN E,,27 STANDISH DR,"317,000","83,000",0,1900-01-01,1.26 A,R
GANCI DEREK,MANCHESTER EMILY,43 WASHINGTON RD,"348,000","76,900","425,000",2025-07-07,0.68 A,R
SUDDUTH SANDRA M,,6 MONHEGE PATH,"488,600","87,800","360,000",2005-04-01,1.31 A,R
CALLAGHAN JOHN J,,56 JOHNSON RD,"351,000","81,400",0,2023-11-29,1.15 A,R
GYNTHER DANIEL E + MONICA E,,6 RIVERVIEW CIR,"434,100","94,500","197,760",1996-01-29,1.84 A,R
MALCOLM STANLEY E + JULIE R,,17 CAFFYN DR,"274,100","69,400","69,700",1900-01-01,0.50 A,R
CASO DAWN,,42 KEIRSTEAD CIR,"385,300","76,000","165,000",2016-09-27,1.00 A,R
CHOJNICKI MARY T & JASON J,,25 WASHINGTON RD,"73,600","73,600",0,2019-03-01,0.55 A,R
MALLOY EVELYN S,,82 ROBERTS RD,"315,000","86,100",0,1900-01-01,1.20 A,R
37 HEBRON ROAD LLC,,37 HEBRON RD,"77,800","77,800","745,000",2025-11-04,1.53 A,R
GLYNN JOHN K + CATHLEEN B,,8 SO STONY BROOK DR,"437,400","91,800","177,000",1987-01-08,1.32 A,R
ADASCHIK JUDITH A,,48 KEIRSTEAD CIR,"258,600","87,400",0,1997-08-18,2.06 A,R
MALCZYK GEORGE + BARBARA,,42 HEMLOCK DR,"378,700","87,800",0,1900-01-01,1.33 A,R
FLORIDIA Y NANCY,,99 PETTENGILL RD,"299,700","100,600","205,000",2019-07-29,2.09 A,R
LARKHAM ALYSSA,,215 WEST RD,"391,700","84,600",0,2022-07-27,1.39 A,R
ROJAS LARA NAOMI HUAPAYA,,106 JONES HOLLOW RD,"354,800","102,100","193,500",2019-09-03,4.16 A,R
PITRONE ANTHONY F III & ERIN S,,25 LAFAYETTE RD,"383,200","68,600",0,2017-07-13,0.34 A,R
RIVERA DIANA I,,358 SO MAIN ST,"428,600","91,100","280,000",2014-10-20,1.55 A,R
MARINO RAYMOND S + CARMEN D,,95 EDSTROM RD,"486,900","106,900",0,1900-01-01,3.00 A,R
JOVANELLY HENRY I,,14 BUCKBOARD LN,"353,800","83,800",0,2013-03-25,1.29 A,R
PALUSO JOSEPH,,140 CHENEY RD,"467,900","120,900","183,140",2025-03-10,0.75 A,R
LAWRENCE SAMANTHA E,,46 ROBERTS RD,"378,800","80,300","420,000",2025-11-13,0.86 A,R
TWARDOWSKI GARY,,27 MILLSTONE DR,"442,400","90,900",0,2025-05-29,1.23 A,R
MARIANO ANTHONY + ANN MARIE,,46 ISLEIB RD,"443,600","83,600",0,1900-01-01,1.00 A,R
BERNIER STEPHANIE ROSE,LYNN DANIEL JEFFREY,45 ISLEIB RD,"472,200","86,100","265,000",2016-04-07,1.18 A,R
MARKEY JAMES M,,16 LAUREL LN,"151,700","83,200",0,1900-01-01,1.25 A,R
DUBITZKY DEBORAH,,40 MYRNA DR,"706,000","177,000",0,2013-07-10,30.05 A,R
CRUMP GARY L,,303 SO MAIN ST,"699,400","207,400","250,000",2015-11-20,19.07 A,DRE
CONNECTICUT STATE OF,,PARKER RD,"703,600","703,600",0,2000-10-10,111.68 A,R
WOHLFERT JOHN E & LYNN E TRUSTEES,,117 NO MAIN ST,"553,800","98,800",0,2018-12-27,0.24 A,R
PERRONE JOHN + CYNTHIA A,,53 ROBERTS RD,"395,500","90,300","270,000",2005-06-08,1.49 A,R
KERN RONALD A + ELLEN C,,6 BEVERLY LN,"381,000","85,300","157,000",1996-03-06,1.15 A,R
GREGORY JANET M,CASEY JAMES M,431 JONES HOLLOW RD,"539,700","83,000","471,000",2018-08-21,1.25 A,R
WILSON MATHEW E & JEAN L CO-TRUSTEES,,17 SO BUCKBOARD LN,"348,800","86,900",0,2009-07-10,1.25 A,R
WADE V & DECESARE AMY E,,211-213 SO MAIN ST,"319,000","82,100","249,900",2022-01-06,1.50 A,R
WALKER BRIAN A,,303 JONES HOLLOW RD,"575,200","107,100","177,750",1999-02-11,4.25 A,R
DOLORES MAY REVOCABLE TRUST 2020,,136 WEST RD,"374,300","101,700",0,2020-12-16,3.48 A,R
MARTUCCI MICHAEL,,72 HEBRON RD,"223,500","68,400","100,000",1987-11-02,1.00 A,R
SALVADOR RUSSELL D + BRENDA M,,37 EDSTROM RD,"376,700","95,000","282,000",2004-05-10,2.53 A,R
WENNBERG WALTER S + MORSE MARY,,190 HEBRON RD,"142,400","74,200",0,1994-03-04,2.00 A,R
LAVIGNE JUSTIN,,16 HICKORY RD,"209,900","69,200","152,000",2020-08-24,0.65 A,R
GECHAS IAN R,,24 CARRIAGE LN,"357,800","81,100",0,2026-06-29,1.42 A,R
SEARLES KYLE,,4 RHONDA WAY,"377,700","70,500","429,000",2025-01-21,1.16 A,R
STEARNS NORA & JARED,,17 MILLSTONE DR,"416,100","91,800","288,500",2017-04-03,1.32 A,R
CULINARY EDGE PRODUCTIONS LLC,,8 INDEPENDENCE DR A,"602,500",0,"520,000",2025-07-21,0.00 A,GC
FARRINGTON PAMELA ANN,,95 JERRY DANIELS RD,"388,000","87,800",0,2019-03-18,1.34 A,R
COLE KAREN N,,25 HICKORY RD,"161,500","66,100",0,2007-12-06,0.52 A,R
WININGER JAMES M,,15 SANDY LN,"446,000","91,800","350,000",2020-12-14,1.31 A,R
MARINI RICHARD A & JILL M,,25 DICKENSON RD,"473,500","83,800","330,000",2017-01-09,1.33 A,R
MARQUIS JOHN J + KRISTY A,,39 CHAPMAN RD,"574,300","84,600","122,000",1987-07-23,1.40 A,R
MOSHER DAVID F & VERONICA S,,137 WEST RD,"361,400","86,200","225,900",2007-04-18,1.49 A,R
SIMMONS MARK P & SARAH E,,12 ROBERTS RD,"366,000","82,800","295,000",2020-12-01,0.95 A,R
MCCULLOUGH ROBERT W + LISA F,,409 JONES HOLLOW RD,"385,800","91,200",0,2005-06-28,1.98 A,R
JABS HEIDI E,,124 JERRY DANIELS RD,"371,600","88,600","318,500",2004-08-13,1.38 A,R
KEOGH JOHN F + SHERRY L,,26 WALNUT DR,"323,700","84,600","138,500",1993-03-29,1.37 A,R
HAN YONG REVOCABLE LIVING TRUST,,21 CARRIAGE LN,"575,300","83,000",0,2025-10-15,1.27 A,R
WOJCIK THEODORE,,379 JONES HOLLOW RD,"728,500","186,300","115,000",2013-01-10,22.27 A,R
MCGARTY DAVID B + PAMELA A,,195 SANER RD,"218,300","84,600",0,1900-01-01,1.40 A,R
MERRILL MARK J,STILLWELL LISA,49 FINLEY HILL RD,"681,500","185,300","635,000",2022-09-07,15.84 A,R
SHEA JAMES P & SARA J,,16 JAMES LN,"647,700","111,900","331,000",2012-12-12,3.71 A,R
SOULSBY PETER W + BONNIE A,,14 EDSTROM RD,"434,200","83,000","205,000",1987-11-23,1.27 A,R
KELLY THOMAS J + JUDITH A,,20 HEMLOCK DR,"347,000","86,900","230,000",2004-09-13,1.26 A,R
MCDERMOTT BRIAN F + SANDRA J,,34 MYRNA DR,"255,200","73,700",0,1900-01-01,0.96 A,R
MORALES ALEXANDER M & JUSTINE M,,11 KNEELAND RD,"321,400","93,400","212,000",2006-02-02,2.29 A,R
LOWERY CATHERINE A + CURTIS R,,350 JONES HOLLOW RD,"322,900","83,800","151,000",1998-07-27,1.29 A,R
HANEY MICHAEL LAWRENCE & ANNETTE,,128 SANER RD,"327,900","83,000","247,000",2016-12-05,1.25 A,R
MCDERMOTT SHANA TR & KINGMAN DAVID,,27 HALL TRL,"222,800","58,500",0,2021-05-21,0.26 A,R
MCFARLAND SANDRA K,,93 CHAPMAN RD,"249,600","81,100",0,2015-12-11,0.90 A,R
MCKELVEY LINDA R EST,,61 CAFFYN DR,"385,300","90,600",0,1992-03-03,1.89 A,R
CHRISTMAS LIVING TRUST,,27 MYRNA DR,"262,200","64,800",0,2020-12-07,0.52 A,R
MERRY ANDREA J,,9 MYSTIC LN,"429,800","86,900",0,2003-09-10,1.25 A,R
FOLEY NATHAN R,ARCE AMANDA,25 MYRNA DR,"228,200","64,800","268,000",2023-08-31,0.52 A,R
TROJANOWSKI JUSTINE TERESA P,,22 FULLER RD,"235,600","65,500","171,000",2016-07-05,0.56 A,R
BAJEK LINDA,,139 CHENEY RD,"414,100","114,400","241,000",2001-12-03,0.55 A,R
MCGAW WILLIAM L III,,7 BLACKLEDGE DR/N,"326,500","82,700",0,1900-01-01,1.70 A,R
KILBY ANN M,,442 JONES HOLLOW RD,"425,900","83,000","192,000",1998-07-01,1.25 A,R
WRIGHT NICOLE R & ERICK J,,46 DICKENSON RD,"416,300","91,800","275,000",2013-03-27,2.13 A,R
MCNAUGHTON CANDACE,,31 HODGE RD,"555,800","140,500",0,1990-03-09,11.00 A,R
THE WAGNER FAMILY LIVING TRUST,,25 LAKERIDGE DR,"762,500","372,000",0,2024-03-25,0.74 A,R
WROBLINSKI WALTER JR  + PAULA,,160 WEST RD,"354,600","83,000","172,000",2000-09-01,1.27 A,R
HODGE KEVIN & CYNTHIA,,54 HODGE RD,"380,600","83,800",0,2012-08-31,1.35 A,R
DESSO MEGAN,SILVA JUSTIN,33 HODGE RD,"415,700","83,000","132,000",2021-01-05,1.27 A,R
GOODMAN DARYL A,,48 CHENEY RD,"394,500","123,500","182,900",2002-07-01,0.80 A,R
BASSILAKIS ANTHONY J,,87 NO MAIN ST,"290,000","87,100","115,000",1998-12-17,0.13 A,R
HOOD  KATHRYN P,,27 COLEMAN LN,"569,000","380,000",0,2025-03-06,0.25 A,R
BAKER  BARBARA R & CHARLES T,TRUSTEES OF BARBARA R  BAKER,9 CARRIAGE LN,"349,300","83,000",0,2006-11-06,1.25 A,R
TRZCINSKI JUSTIN M,,35 LAFAYETTE RD,"338,100","73,600","375,000",2024-11-25,0.56 A,R
GILMOUR CRAIG W & PAMELA M,,17 JOHNSON RD,"282,900","87,800","160,000",2018-07-20,1.66 A,GC
RANSOM JULIUS D JR & ROBIN T,,52 PORTLAND RD,"370,600","96,400",0,2010-10-18,2.73 A,R
WHITNEY LAUREN B,CLOSE JASON J,20 OGDEN LORD RD,"564,900","107,200","276,000",2016-04-08,3.65 A,R
DIERBERGER BRIAN M & HEATHER,,9 CAFFYN DR,"291,200","69,400","210,500",2014-05-27,0.50 A,R
BRANSFIELD JUSTIN D & ELIZABETH,,55 HODGE RD,"354,700","86,200","289,900",2020-03-19,1.54 A,R
DUNBAR THOMAS R + MEREDITH P,,35 OGDEN LORD RD,"402,000","87,800","136,000",1993-06-30,1.30 A,R
CLARKE JENNIFER E,,11 PETTENGILL RD,"381,500","114,400","215,000",2017-01-04,0.54 A,R
MERRITT RICHARD L (EST),,15 PHELPS RD,"354,800","79,800",0,2022-12-20,1.03 A,R
MICKIEWICZ JACQUELINE L TRUSTEE,,12 PHELPS RD,"285,100","69,400",0,2019-07-18,0.50 A,R
MY REALTOR PROPERTY CONSULTANTS LLC,,21 FINLEY HILL RD,"83,000","83,000","37,000",2025-10-31,1.26 A,R
CHAMPAGNE WILLIAM A,,26 QUINN RD,"303,800","101,200","168,016",2021-06-25,2.80 A,R
AMERICAN EQUITIES III LLC,,380 NO MAIN ST,"1,436,600","135,700","640,000",2009-07-23,5.76 A,DBIZ5
RULLI DIANE M,,4 WALNUT DR,"407,000","89,400",0,2013-06-06,1.75 A,R
HANEY MARILYN C,,COLEMAN LN,"16,100","9,500",0,2003-11-14,0.21 A,R
SCHLEGEL PAUL M + PAMELA G,,17 DICKENSON RD,"410,700","83,000","167,500",1998-05-29,1.25 A,R
BAILEY SEAN,CHAMPAGNE DENISE A,471 JONES HOLLOW RD,"291,900","97,600","250,000",2004-06-17,2.90 A,R
CORMIER DIANE M,,4 HERITAGE DR,"407,900","98,800",0,2017-05-02,1.84 A,R
BURGIE STEVEN E,,6 STONY BROOK DR,"350,300","87,800","363,000",2023-07-18,1.33 A,R
LEDWITH WALTER A + DEBRA A,,15 STONY BROOK DR,"386,400","98,300","234,500",2000-09-01,2.39 A,R
SOSA  GOSSELIN & ALMONTE,,59 SOUTH RD,"392,200","88,600","395,000",2024-08-23,1.40 A,R
MILBOROUGH HEALTH CARE REALTY CO,,85 STAGE HARBOR RD,"5,559,600","190,200",0,1900-01-01,10.98 A,R
WILLIAMS DENNIS S & ANNE,,29 LEWIS RD,"724,900","116,600","490,000",2020-06-03,3.98 A,R
NELSON M CASSANDRA,GERMANOA CHRISTIAN,125 FLOOD RD,"721,800","111,500","489,000",2019-12-12,3.65 A,R
SCHRAER STEPHEN & KAELA MARIE,,33 LEWIS RD,"600,400","105,200","400,000",2020-08-31,2.14 A,R
DESANTO KATHLEEN M,,7 LEWIS RD,"666,400","116,200","45,000",1992-09-25,4.34 A,R
MILLER ALAN W,,205 NO MAIN ST,"460,500","146,900",0,1996-02-13,1.80 A,R
ADDINGTON LINDA E,,158 SANER RD,"518,600","157,200",0,1985-10-21,21.79 A,R
RED DOG ESTATES LLC,,121 OGDEN LORD RD,"1,667,200","542,900","1,262,000",2020-01-21,101.57 A,R
MCCUTCHEON ROARK C,,31 KEIRSTEAD CIR,"302,800","63,800",0,2018-01-22,0.42 A,R
ONEILL JENNIFER + THOMAS J III,,2 BEVERLY LN,"445,700","85,300","153,000",1991-04-08,1.15 A,R
OCONNELL JOHN J + NANCY H,,55 ROBERTS RD,"391,900","90,300","164,800",1996-12-20,1.48 A,R
MODUGNO ASHLEY & NICOLA,,135 FLOOD RD,"776,900","136,100","650,000",2021-10-22,9.02 A,R
KERN SARAH H,,33 PHELPS RD,"382,200","90,200",0,2014-12-02,1.84 A,R
MILNE SYLVIA C,,93 DICKENSON RD,"425,400","95,200",0,2013-03-04,2.56 A,R
MANDEL SEAN,,223 JONES HOLLOW RD,"269,400","90,500","168,000",2004-03-10,2.50 A,R
BERLINSKI DANIEL,,127 FLOOD RD,"467,500","97,000","484,000",2023-07-20,1.70 A,R
BENGSTON STEPHEN J,,11 FULLER RD,"387,100","69,300","152,000",2003-01-31,0.75 A,R
JOHNSON CAROL A,,7 LAUREL LN,"218,000","85,700",0,1900-01-01,0.92 A,R
PHELPS ASHLEY,,43 SO MAIN ST,"249,400","79,000",0,2024-09-18,1.25 A,R
MORANO DANIEL A,,350 SO MAIN ST,"566,900","174,600","435,000",2022-08-17,17.56 A,R
CROWLEY LINDA M,,14 LAUREL LN,"345,300","98,900",0,2017-10-16,1.85 A,R
MCFARLAND JOHN P & SUSAN R,,38 EAGLE ROCK TRL,"703,300","109,000","475,000",2007-12-06,3.30 A,R
GOODREAU DEBORAH,,41 HICKORY RD,"277,000","66,100","190,000",2019-10-16,0.51 A,R
CONNECTICUT STATE OF,,PHELPS RD,"398,400","398,400",0,1900-01-01,98.20 A,R
ACEVEDO JEFFREY,,39 PHELPS RD,"305,300","75,800","204,500",2015-10-30,0.82 A,R
DRUM DANIEL,,90 STAGE HARBOR RD,"548,700","120,900",0,2025-02-13,5.65 A,R
STRATTON CHRISTOPHER D + JOANNE M,,97 DICKENSON RD,"376,200","83,800","171,000",1989-08-21,1.34 A,R
KAIKA PAUL J + DEBRA K LIVING TRUST279,,32 EAGLE ROCK TRL,"659,100","99,200",0,2025-06-23,1.90 A,R
PRICONE DAVID,,79 PETTENGILL RD,"332,900","81,300","260,000",2011-07-07,0.75 A,R
GUZMAN WILLIAM D JR & JENNIFER K,,78 CHENEY RD,"479,100","126,100","455,000",2018-05-04,0.90 A,R
SMITH JILLIAN L,,7 ISLEIB RD,"430,200","120,900","330,000",2012-04-02,6.07 A,R
YOUNG JENNIFER A,,29 STAGE HARBOR RD,"423,500","87,800",0,2017-02-01,1.32 A,R
MONTANILE ANTHONY M,,9 COLEMAN LN,"636,300","435,000",0,2006-11-14,0.49 A,R
TEIXEIRA DANIEL,,13 COLEMAN LN,"849,900","415,000","460,000",2021-10-20,0.36 A,R
BAGDONIS SUSAN O,,344 SO MAIN ST,"588,100","99,100",0,2025-12-08,2.50 A,R
KRIST LEONARD E + NANCY S,,251 SO MAIN ST,"393,700","102,500",0,2003-03-12,5.00 A,R
BROUGH REGINALD W + JILL C,,131 SO MAIN ST,"308,300","70,700","132,000",1996-09-17,0.72 A,R
MCNARY TAYLOR & RYAN,,28 ROBERTS RD,"343,100","74,700",0,2017-05-01,0.78 A,R
GRIGORIAN LEONARD,JACQUES CARRIE I,325 JONES HOLLOW RD,"347,500","79,800","377,000",2025-04-01,1.00 A,R
BRAHM KEVIN J,,94 PORTLAND RD,"406,700","105,500","25,000",2009-07-29,4.03 A,R
GOLDSTEIN MAUREEN,,180 WEST RD,"413,800","83,800",0,2017-01-23,1.29 A,R
MONTSTREAM JAMES N + BARBARA G,,68 PORTLAND RD,"448,600","95,900",0,1989-08-23,2.65 A,R
WOLF ASHLEY M,,34 HICKORY RD,"232,100","66,100","119,045",2021-12-20,0.50 A,R
MCKAY C DAVID,,3 RHONDA WAY,"345,300","70,500",0,2019-12-05,1.17 A,R
SPERA JOHN F + HELEN E,,83 PORTLAND RD,"219,300","90,500",0,1992-09-01,1.88 A,R
ENDRELUNAS GREGORY DANIEL,ENDRELUNAS HEIDIE-MARIE A,55 FINLEY HILL RD,"495,300","92,400",0,1992-03-12,2.15 A,R
GRUNDMAN DANIEL & MICHELLE,,33 KELLOGG RD,"424,900","101,900","552,000",2026-06-22,2.90 A,R
DEFELICE SHAWN T + WENDY M,,28 HICKORY RD,"290,000","67,600","101,000",2001-05-29,0.57 A,R
CONNECTICUT STATE OF,,PORTLAND RD,"210,900","210,900",0,1900-01-01,36.00 A,R
KIDSTON LAURIE A,,6 HILLSIDE AVE,"250,400","87,100","170,000",2017-01-17,0.13 A,R
MINER ALAN,KAUN-MINER AKEILA,51 HEBRON RD,"337,000","78,400","360,000",2023-10-20,2.00 A,GC
PERKINS DIANA L & ROGER,,8 HICKORY RD,"253,200","69,900",0,2018-01-16,0.68 A,R
BRANCIFORTE JEFFREY THOMAS & SHARISSA K,,3 HUNTER RIDGE RD,"472,100","94,500","280,000",2014-12-11,1.84 A,R
KNES LEANDRA,,22 BULL HILL RD,"3,454,300","363,700","680,000",2014-06-16,58.56 A,R
LOMBARDI ALEXIS,,27 BUCKBOARD LN,"357,100","90,700",0,2013-09-16,1.91 A,R
ZOLA MICHAEL R,,67 FINLEY HILL RD,"327,100","111,500","198,000",2012-01-31,4.88 A,R
LANE ANDREW,GRIFFORE MELISSA,29 KELLOGG RD,"432,400","140,300","470,000",2024-07-23,8.45 A,R
CONNECTICUT STATE OF,,PORTLAND RD,"210,900","210,900",0,1900-01-01,36.00 A,R
MCDERMOTT AMANDA & CASEY,,66 ROBERTS RD,"379,800","81,100","299,000",2019-07-12,0.90 A,R
MOYLAN JOYCE C,,102 STAGE HARBOR RD,"362,200","83,600",0,1997-03-11,1.00 A,R
MOSHER DAVID C + DONNA M,,347 SO MAIN ST,"243,100","77,700",0,1900-01-01,0.75 A,R
MORAGA CHRISTI,A/K/A RENTSCH DE MORAGA MARY CHRISTAIN,18 FLOOD RD,"348,600","77,500",0,2008-06-24,1.56 A,R
JUROS DAVID W & MARGOT,,108 JONES HOLLOW RD,"284,600","71,400","80,000",2022-02-22,0.78 A,R
STAGE HARBOR TRUST,,101+ 103 STAGE HARBOR RD,"388,300","91,100",0,2023-07-17,1.60 A,R
BURG HARVEY A,,48 PARK RD,"417,700","91,300","282,500",2005-08-02,2.00 A,R
BERNIER RAYMOND E JR + DIANE F,,16 ROBERTS RD,"400,200","82,800","289,000",2004-12-20,0.97 A,R
MRACHEK CASEY K + COURTNEY L,,134 JERRY DANIELS RD,"420,200","94,800","240,000",2002-05-01,1.90 A,R
CIESLAK ELAINE D,,43 KELLOGG RD,"126,100","126,100",0,2019-02-20,6.40 A,R
NAUGHTON LINDA M + WAYNE K,,132 WEST RD,"345,900","83,800","190,000",2002-08-21,1.35 A,R
ROBERG KEVIN & DEBORAH ANN,,121 JERRY DANIELS RD,"564,700","88,600","586,000",2023-10-26,1.39 A,R
CARONE ARTHUR JR & BRITTNEY,,451 JONES HOLLOW RD,"387,500","91,300","415,000",2025-07-30,2.00 A,R
PAISANO PROPERTIES LLC,,153 JONES HOLLOW RD,"189,500","97,500","180,000",2025-06-16,3.49 A,R
BUCIOR CHRISTINE A,,161 JONES HOLLOW RD,"294,500","91,700","340,000",2026-08-25,2.67 A,R
SCHLABAUGH CAROL,,217 JONES HOLLOW RD,"257,900","66,100",0,2008-10-01,0.51 A,R
BEVIN TRAVIS,,10 WALKER LN,"225,000","62,900","282,000",2026-01-22,0.20 A,R
NAZARIO MICHAEL L,,36 MYRNA DR,"256,400","73,700","280,000",2022-06-13,0.96 A,R
SCHLABAUGH CAROL,,215 JONES HOLLOW RD,"206,000","66,900","338,000",2008-10-01,0.53 A,R
GROMATZKY RYANNE & DANIEL JAMES,,52 JOHNSON RD,"437,000","99,700","360,000",2019-07-07,3.20 A,R
MURRAY JOHN J + WENDY J,,12 KNEELAND RD,"268,900","81,400",0,1900-01-01,1.10 A,R
LUNEAU MICHAEL A + SANDRA L,,115 SOUTH RD,"319,100","73,600","202,000",2003-06-27,0.55 A,R
DAVIE JONATHAN & CONSTANTINE STACY,,9 HICKORY RD,"316,500","66,100","238,500",2021-07-19,0.49 A,R
ABBOTT SARA,,20 CARRIAGE LN,"334,900","87,000",0,2026-05-27,1.59 A,R
COLAVECCHIO ANTHONY,,37 SOUTH RD,"312,200","73,600","128,000",1991-06-13,0.55 A,R
WALTHALL EDWARD & ISABELL,,134 WEST RD,"358,300","83,800","435,000",2025-09-19,1.32 A,R
MURZYN ARTHUR D + DIANE E,,18 STANDISH DR,"330,000","77,600",0,1900-01-01,1.50 A,R
NAVICKAS JOHN W,,20 CAFFYN DR,"296,100","69,400",0,2014-03-20,0.50 A,R
CACCAMO VINCENT,,24 DEER RUN,"393,200","89,500",0,2020-02-13,1.43 A,R
HAGGERTY KEVIN M + NANCY J,,54 NO MAIN ST,"525,300","86,900","565,000",2006-07-13,1.25 A,R
MORENO WILLIAM,,85 PETTENGILL RD,"303,400","81,300","287,000",2022-09-19,0.75 A,R
CASTANHO CARL A,,77 CHENEY RD,"1,237,800","517,800","800,000",2020-10-08,1.60 A,R
MURRAY JOHN A + BARBARA C,,15 MONHEGE PATH,"402,000","86,900",0,1900-01-01,1.25 A,R
CAFFYN WILLIAM III TRUSTEE,CAFFYN WILLIAM A,102 CAFFYN DR,"26,700","26,700",0,1998-04-16,234.00 A,R
CONNECTICUT STATE OF,,KNEELAND RD,"63,000","63,000",0,1900-01-01,1.00 A,R
FORD NATHAN C & JENNA G,,169 FLOOD RD,"382,300","89,500",0,2014-03-11,1.44 A,R
COLLINS EMILY PATRICIA,,145 JONES HOLLOW RD,"383,900","82,800","340,000",2023-03-27,1.58 A,R
DAVIS BENJAMIN & MARIANA,,177 SO MAIN ST,"499,400","122,200","389,000",2021-09-30,7.08 A,R
GRIMM BRUCE M & DONNA T,,19 CAFFYN DR,"312,600","69,400","215,000",2019-05-31,0.50 A,R
BERNSTEIN AARON ADINA & ALEXA,,50 SO BUCKBOARD LN,"513,500","86,900",0,2021-04-28,1.26 A,R
FALLOW CROSSING LLC,,175 SO MAIN ST,"91,300","73,300",0,2002-05-08,2.82 A,R
BRANCH A RICHARD,BRANCH  SHERRY,18 OAK DR,"416,200","83,000","260,000",2019-10-25,1.26 A,R
LAWRIE ANNE M & JAMES E JR,,60 PARK RD,"294,100","79,800","215,000",2016-07-14,1.00 A,R
MCGEOWN  M MELISSA,,129 WEST RD,"393,100","95,100",0,2019-09-04,2.54 A,R
NICHOLS BRIAN C,,58 HEBRON RD,"265,800","58,800","45,000",1988-11-10,0.46 A,R
LOWREY MORGAN T & JESSICAN L,,351 JONES HOLLOW RD,"336,900","89,400","336,000",2026-07-21,1.78 A,R
BLOOM CATHERINE + DAVID,,425 JONES HOLLOW RD,"433,000","83,000",0,1999-06-16,1.25 A,R
KACY DENIS G &MICHELE A,,253 JONES HOLLOW RD,"338,700","83,600",0,2024-05-23,1.61 A,R
NILSEN SUSAN FOTHERGILL,,50 KELLOGG RD,"424,700","95,700",0,2013-09-23,2.01 A,R
POTTER HOLLY,,46 STONY BROOK DR,"376,400","86,900",0,2016-08-29,1.25 A,R
NEALE RUSSELL J & JENNIFER C,,17 MAYFLOWER RD,"517,700","90,900","350,000",2021-01-04,1.27 A,R
MIRABITO HOLDINGS CONNECTICUT LLC,,12 WEST RD,"81,800","81,800","185,000",2014-09-02,0.73 A,CG
KILLELEA MICHELE,,40 PETTENGILL RD,"321,000","77,800","170,000",2007-08-17,0.57 A,R
SAWYER JEFFREY R,,20 WALKER LN,"322,600","80,400","110,000",2018-04-04,0.70 A,R
NASS JAMES & ROSEMARY,,20 LAFAYETTE RD,"256,900","69,400","185,000",2008-07-29,0.39 A,R
KINGSLEY KAREN E,,20 LAKERIDGE DR,"400,700","109,200",0,2021-11-29,0.42 A,R
NICHOLS KAREN L,,29 HICKORY RD,"355,800","87,400","190,000",2021-11-10,2.06 A,R
BUTLER DOMINIC,,30 ISLEIB RD,"215,100","101,300","230,000",2026-02-11,2.81 A,R
PERICOLOSI ROBERT & GERALDINE,,49 STONY BROOK DR,"475,100","87,800","315,000",2015-06-01,1.30 A,R
LORD MARDY,,102 WEST RD,"378,100","64,600",0,2019-01-02,0.32 A,R
AMARA JAMISON Q,,18 LAFAYETTE RD,"243,200","62,700","215,000",2020-11-20,0.23 A,R
BOSTON DAVID + JANE,,64 PETTENGILL RD,"310,700","76,000",0,1991-02-26,0.50 A,R
EAST HAMPTON ROAD APARTMENTS LLC,,196 E HAMPTON RD,"1,629,500","90,600",0,2018-10-24,1.16 A,R
FROMM SHERRILL & CAITLIN,,116 JONES HOLLOW RD,"271,700","70,700","219,900",2019-07-15,0.75 A,R
HUGHES JARED,,209 E HAMPTON RD,"309,900","70,500","400,000",2024-06-26,1.16 A,R
NOWSCH FAMILY LIVING TRUST,,24 PARKER RD,"379,800","96,100",0,2022-08-23,2.73 A,R
CYR BRANDI JEAN,,21 MYRNA DR,"214,500","66,300","176,000",2020-12-30,0.58 A,R
GROSSMANN CHARLES W + CHRISTINE M,,22 PARKER RD,"262,100","94,600","65,000",2003-06-30,2.47 A,R
SMIGLE PEGGY,,133 SANER RD,"305,300","79,800","205,000",2019-08-22,1.00 A,R
ALLSIDES PROPERTIES LLC,,14 PARKER RD,"269,600","92,700","175,000",2026-03-05,2.20 A,R
ZABULIS ALGIRDIS,,104 JONES HOLLOW RD,"255,500","101,800","210,000",2023-01-19,4.11 A,R
VENTI PAUL EST,VENTI  DENISE,8 SOUTH RD,"343,000","95,600",0,2025-10-24,2.00 A,R
PERDOMO JOHN & LEEANA,,10 SOUTH RD,"567,600","111,400",0,2024-07-17,5.10 A,R
GROSSMAN MARYANN & JAMES,,16 PARKER RD,"397,800","108,100",0,2017-05-22,4.40 A,R
SCHOMER MARKE,TANG MIN,27 PARKER RD,"549,000","242,600","399,900",2014-08-13,50.21 A,R
SAXTON MICHAEL R + ROSE I,,374 SO MAIN ST,"372,200","118,800","275,000",2003-07-07,5.34 A,R
OBRIEN FAMILY TRUST,,176 NO MAIN ST,"762,600","435,000",0,2023-12-21,0.51 A,R
OBRIEN FAMILY TRUST,,77 SO MAIN ST,"175,700","74,500",0,2023-12-21,0.92 A,R
BARRETT MATTHEW J,BARRETT KELLY M,32 ROBERTS RD,"474,800","78,600","430,000",2023-03-08,0.76 A,R
SHARA FL LLC,JOHN MARINO,193 E HAMPTON RD,"312,600","312,600",0,2025-06-06,37.98 A,R
COLON MARISOL & WILFREDO,,329 SO MAIN ST,"329,200","89,500","238,000",2018-01-12,1.43 A,R
OBRIEN BIRGITTA E,,23 STONY BROOK DR,"379,800","94,900",0,1991-07-26,1.89 A,R
ABRAHAM BENJAMIN & KIM,,183 SOUTH RD,"473,100","85,300","300,000",2016-08-31,1.15 A,R
TARALLO DAVID M &JANET,,67 LAUREL LN,"438,800","97,000","385,000",2005-11-05,1.73 A,R
DUPREY CRAIG M + JANICE L,,61 JOHNSON RD,"325,800","84,600","169,000",2001-11-13,1.40 A,R
GOODWILL BARRY,GOODWILL DONNA       J/T,28 WEST RD,"791,700","97,600",0,2019-11-05,3.24 A,R
MATERNOWSKI DAVID,,35 NO PARKER RD,"491,900","103,100","348,500",2017-01-17,3.07 A,R
COLOMBO CHRISTOPHER J + MIDGE L,,69 MILLSTONE DR,"451,800","97,900","179,500",1995-08-08,1.74 A,R
SIT MAN HOU,TENG GANLIN,58 MILLSTONE DR,"360,900","90,000","256,000",2020-11-03,1.16 A,R
BROUSSEAU PATRICIA,,84 JONES HOLLOW RD,"302,000","67,900","165,000",2019-08-30,0.79 A,R
LISBOA JOSE,PEREZ-DELISBOA YESENIA,97 JONES HOLLOW RD,"461,500","87,800",0,2024-02-06,2.11 A,R
OCONNELL THOMAS,ALDRIDGE MEGAN,38 DICKENSON RD,"375,200","91,100","264,500",2016-07-21,1.97 A,R
GORDON CAMERON & VIRGINIA S TRUSTEES OF,,50 LAUREL LN,"554,900","98,800",0,2019-04-23,1.84 A,R
MCGUIRE WAYNE JR,,296 JONES HOLLOW RD,"304,100","84,600","505,000",2025-05-30,1.38 A,R
21 SOUTH MAIN STREET LLC,,21 SO MAIN ST,"248,200","83,500","220,000",2022-08-17,0.52 A,GC
MACCLUGGAGE STEWART & CHERYL,,40 STONY BROOK DR,"464,700","86,900","325,000",2008-07-01,1.26 A,R
MCNARY ARTHUR E JR + DEBORAH L,,18 DEER RUN,"325,500","86,900","170,000",2001-08-01,1.25 A,R
SPARKS DONALD L + IRENE A,,104 SANER RD,"324,100","67,000",0,1992-07-06,0.40 A,R
PITSURENKO YEVGENIA & ILYA,,52 KEIRSTEAD CIR,"225,600","66,100",0,2023-12-21,0.52 A,R
HILLS GEORGE K III & LYNN,,424 JONES HOLLOW RD,"262,700","94,000",0,2015-03-23,2.38 A,R
OVERMAN LILLIAN TRUSTEE OF,,1795 PAPERMILL RD,"757,400","121,300",0,2016-07-01,7.00 A,R
NIES ROBERT W,,46B EDSTROM RD,"100,700",0,0,2026-04-10,0.00 A,R
HOULE RILEY,IVES DAVID,24 EAGLE ROCK TRL,"407,500","92,600","440,000",2022-06-08,1.40 A,R
LYNCH ROBERT M,QUIRK MARY H,12 FULLER RD,"243,100","65,500",0,2006-01-18,0.56 A,R
HAGGETT GREGORY T + TERRIE L,,35 BLISH RD,"296,400","98,800","113,500",1994-10-14,3.07 A,R
RHODES MICHAEL & DEANNA,,21 JOHNSON RD,"261,600","81,400",0,2009-07-07,1.10 A,GC
ORPHEUS RICHARD H + JUDITH,,72 CHENEY RD,"365,900","126,100",0,1974-03-04,0.90 A,R
OLSON PROFESSIONAL PROPERTIES LLC,,212+ E HAMPTON RD,"816,600","100,000",0,2015-10-02,1.92 A,GC
FITZSIMMONS FAMILY REVOCABLE TRUST,,322 JONES HOLLOW RD,"443,800","79,000",0,2026-08-20,1.25 A,R
PASSACANTANDO JANICE E,,9 SO STONY BROOK DR,"549,900","87,800",0,2014-07-09,1.35 A,R
OVERBAUGH GEORGE F + CASMIRA M L/U,OVERBAUGH PETER ETAL,69 SO STONY BROOK DR,"380,300","92,600",0,2002-05-09,1.40 A,R
BAGDONIS GUTHRIE G & STEPHANIE C,,87 JERRY DANIELS RD,"322,500","88,600","210,000",2014-04-04,1.38 A,R
SILVERSTEIN STEVEN J + ANDREA K,,17 WILLIAMSBURG RD,"344,500","86,900",0,1988-02-10,1.25 A,R
DELISIO THOMAS J,,345 JONES HOLLOW RD,"290,800","87,000","150,000",2000-05-22,1.57 A,R
TOWNSEND COMPANY INC THE,,7 PORTLAND RD,"644,000","94,900","235,000",2011-05-13,1.83 A,R
GONZALEZ JUAN GABRIEL,,35 SO BUCKBOARD LN,"372,300","86,900","256,900",2024-04-01,1.25 A,R
OKEEFE VICTORIA K,,5 RIVERVIEW CIR,"408,300","94,600",0,1993-09-02,1.85 A,R
PALEN CAROL E + JOHN P JR,,31 MYRNA DR,"189,500","64,800",0,1900-01-01,0.52 A,R
BARSTOW RICHARD A + MARGARET E,,9 HEMLOCK DR,"466,200","83,400","177,000",2003-02-10,1.33 A,R
PEASE TREVOR,,65 OGDEN LORD RD,"353,200","86,900","185,000",2014-10-08,1.25 A,R
TAETZ ANGELA,EVANS JR WILLIAM,198 NO MAIN ST,"1,161,300","495,000","150,000",2010-05-04,0.95 A,R
SENCAL NEIL & MILARDO AMY,,360 JONES HOLLOW RD,"396,100","85,400","370,000",2022-05-31,1.42 A,R
FOLEY SCOTT & MEGAN,,81 SO MAIN ST,"296,700","74,500",0,2006-01-18,0.92 A,R
KRZAK ALEXANDER,,17 DEER RUN,"452,500","87,800","460,000",2023-04-10,1.35 A,R
MCL PROPERTIES LLC,,25 STURBRIDGE RD,"346,200","87,800",0,2024-08-19,1.30 A,R
GRIFFIN MATTHEW J & LAUREN A TRUSTEES OF,,17 MONHEGE PATH,"385,900","86,900",0,2019-06-25,1.25 A,R
BELANGER CHARLINE B,,46 SOUTH RD,"398,000","88,600",0,1900-01-01,1.38 A,R
PEARMAN DAVID J,SUTHERLAND VALERY,112 DICKENSON RD,"564,200","111,800",0,2016-09-06,5.60 A,R
SILVERSTEIN STEVEN J + ANDREA K,,17 WILLIAMSBURG RD,"344,500","86,900",0,1988-02-10,1.25 A,R
SANDBERG COLLEEN W,,11 E LAKE RD,"736,500","435,000",0,2008-01-24,0.50 A,R
ALLEN JON ROBERT,HUANG KAREN,89 JOHNSON RD,"299,300","96,200","310,000",2024-08-15,2.70 A,R
FITZGIBBONS THOMAS B + JUDITH A,,43 STONY BROOK DR,"385,000","86,900",0,1900-01-01,1.26 A,R
THE MARANO LIVING TRUST,,63 LAKERIDGE DR,"733,200","400,500","324,900",2021-07-19,0.57 A,R
SANDS BRIAN A & KATHLEEN V,,315 JONES HOLLOW RD,"324,100","78,800","262,315",2008-03-04,1.25 A,R
CARISIO FRANCESCA,,8 OAK DR,"304,300","84,600","330,000",2024-05-01,1.36 A,R
HEAL TAYLOR J,,20 ISLEIB RD,"361,700","101,400","390,000",2024-12-17,2.83 A,R
CHANIEWSKI ALAN A + DEBORAH P,,75 DICKENSON RD,"397,100","84,600","175,000",2000-03-08,1.37 A,R
STAGE HARBOR TRUST,,101+ 103 STAGE HARBOR RD,"388,300","91,100",0,2023-07-17,1.60 A,R
AMERICAN ASSET MANAGEMENT LLC,,103 JONES HOLLOW RD,"247,300","69,900","200,000",2022-07-17,0.68 A,R
BONELLO HECTOR,MOSQUERA ELIZABETH,150 SO MAIN ST,"385,700","87,400","192,000",2001-08-31,2.06 A,R
KILLOUGH LAUREL R,FERNANDEZ GUSTAVO F,30 CHAPMAN RD,"457,900","116,000","267,500",2017-06-19,5.57 A,R
CREAN PAUL M + VIRGINIA A,,144 SANER RD,"371,100","82,200","105,000",1997-07-29,1.16 A,R
PAPA ROBERT,SPENO AMY,7 MAYFLOWER RD,"489,100","94,400","340,000",2004-07-01,1.49 A,R
LYTTLE PATRICK J + LINDA J,,9 PINE GROVE RD,"377,600","87,800","263,200",2002-06-11,1.29 A,R
FICHERA CARMELO J + LISA,,50 LAFAYETTE RD,"359,500","81,100",0,2004-08-09,0.89 A,R
OSTROWSKI ELIZABETH J,,24 BUCKBOARD LN,"325,500","83,000",0,2005-06-23,1.25 A,R
STRUTH NICOLE,,76 CHAPMAN RD,"253,100","83,600","221,000",2021-04-21,1.00 A,R
PENG JOHN C & SIOBHAN O CO-TRUSTEES,,23 LAKERIDGE DR,"796,900","372,000",0,2017-03-27,0.75 A,R
THRALLS RICHARD T,RUNQUIST KATHRYN J,173 CHENEY RD,"398,900","120,900","268,000",2019-06-24,0.75 A,R
PESCE THEODORE L (EST OF) & JONEEN M,C/0 GILIBERTO CHARITY A  (FID),83 ROBERTS RD,"478,400","86,100",0,2018-02-02,1.18 A,R
SMITH BRIAN M,PARMELEE CASEY,35 PETTENGILL RD,"446,900","102,200","402,000",2023-10-17,2.32 A,R
PALUSO JOSEPH,,120 DICKENSON RD,"329,100","91,800","127,500",2011-08-23,2.71 A,R
HAVRON TAFT & SARAH,,32 PETTENGILL RD,"475,200","76,000","360,000",2022-02-24,0.50 A,R
ALEXANDER MICHAEL V + DEANNA M,,22 VIRGINIA RAIL DR,"643,100","109,100","300,000",1999-05-10,1.84 A,R
SWEIGARD TYLER & KRISTEN,,9 RIVENDELL RD,"496,000","99,400","610,000",2026-07-02,1.93 A,R
MILLER JOSHUA P & JENNIFER R   J/T,,29 PETTENGILL RD,"737,000","103,400",0,2013-06-18,2.49 A,R
BROOKS MICHAEL & CHRISTINA M,,11 WILLIAMSBURG RD,"384,400","87,800","265,000",2009-03-30,1.30 A,R
MEUCCI MICHAEL J,,22 GLENWOOD DR,"321,900","78,300","146,000",2003-04-25,1.16 A,R
PHILLIPS RICHARD G + LEILA H,,102 JONES HOLLOW RD,"397,300","101,700",0,1900-01-01,4.09 A,R
PICARD KENNETH J + JO ANNE B,,459 JONES HOLLOW RD,"293,900","90,200",0,1900-01-01,1.80 A,R
OBRIEN FAMILY TRUST,,68 KEIRSTEAD CIR,"141,900","67,600",0,2023-12-21,0.57 A,R
RIVERA CALDERON VIRGINIA,,42 STONY BROOK DR,"333,500","86,900",0,2024-08-21,1.25 A,R
TURGEON-RUTKOWSKI JANINE,,99 CHENEY RD,"311,000","109,200",0,2001-03-22,0.41 A,R
HARTLEY JANIS A,,48 STONY BROOK DR,"481,300","86,900",0,1900-01-01,1.25 A,R
LEE DARREN & LEA L,,38 KEIRSTEAD CIR,"307,000","88,400","179,000",2015-09-01,2.20 A,R
QUINN ROAD HOMESTEAD LLC,,42 QUINN RD,"354,400","122,700","520,000",2026-03-20,5.91 A,R
KLEINSCHMIDT BROWN SUSAN B,,74 SO BUCKBOARD LN,"528,200","104,100",0,2020-02-28,3.21 A,R
PHILLIPS JAMES & KELSEY,,22 ROBERTS RD,"360,800","81,100","213,000",2016-12-06,0.89 A,R
PLANETA JOHN F,,19 WEST RD,"315,400","67,800",0,2012-01-06,1.00 A,R
PLOURDE JOSEPH E + LORRAINE M,,249 JONES HOLLOW RD,"387,300","82,800",0,1900-01-01,1.60 A,R
PYNE DAVID M,PFAU MEGAN M,15 MAYFLOWER RD,"500,600","97,900","249,900",2015-09-01,1.76 A,R
KERST MARKUS & SANDRA,,5 PLANETA RD,"493,600","99,400","433,000",2022-12-21,2.00 A,R
JEPSON ROBERT F,,115 NO MAIN ST,"308,000","98,800","445,000",2024-02-22,0.24 A,R
ERBA FRANK GAETANO,,347 JONES HOLLOW RD,"371,900","79,600","235,000",2018-12-19,1.30 A,R
ST GERMAIN MASON & RACHEL,,385 JONES HOLLOW RD,"375,500","72,600","410,000",2025-09-29,0.65 A,R
AREL CHRISTOPHER R,,22 FINLEY HILL RD,"368,500","89,400","190,000",2015-07-20,1.77 A,R
YANICKY RICHARD,,155 CHENEY RD,"396,400","114,400","234,000",2015-12-22,0.55 A,R
MORGAN CHERYL A,,218 NO MAIN ST,"758,600","435,000","460,000",2011-09-19,0.50 A,R
JIMENEZ HENRY,,182 NO MAIN ST,"105,300","105,300","108,000",2023-03-01,0.32 A,R
PRENTICE DIANE M,,33 MYRNA DR,"289,000","64,800",0,2020-08-11,0.52 A,R
FRECKLETON THOMAS R,,13 HICKORY RD,"259,700","66,100","280,000",2022-08-18,0.50 A,R
PORTEOUS DAVID P + PATRICIA M,,15 EDSTROM RD,"351,800","91,100",0,1900-01-01,2.00 A,R
DUNTON ALAINA,,85 PARK RD,"278,300","71,000",0,2025-04-10,0.60 A,R
BATCHELDER PAMELA D,,127 NO MAIN ST,"240,800","100,100","74,000",1999-09-20,0.26 A,R
KELLEY SEAN M,BOWERS SHANNON,21 MONHEGE PATH,"391,200","86,900","375,000",2022-12-02,1.26 A,R
GOSSOO RICHARD R + MAUREEN A,,115 DICKENSON RD,"364,000","83,000",0,2022-03-21,1.25 A,R
ONE MORE THING LLC,,14 E HAMPTON RD,"315,300","108,000","275,000",2017-11-20,0.63 A,GC
WALSH PATRICK J,,132 JONES HOLLOW RD,"430,500","76,000",0,2015-02-20,1.00 A,R
PRIOR JOAN H,,134 JONES HOLLOW RD,"400,100","110,400",0,1981-10-27,6.00 A,R
BENNICI KAREN D,,15 ROBERTS RD,"322,000","77,700",0,2003-09-25,0.75 A,R
LEBLANC HEATHER,,20 EDSTROM RD,"470,100","174,900","550,000",2025-02-26,14.19 A,R
DIANA ALEXANDER J & DONNA F,,102 NO MAIN ST,"644,800","345,000","625,000",2022-06-23,0.16 A,R
CALLAWAY CHRISTOPHER G & COLLEEN MARIE,,33 WASHINGTON RD,"323,100","64,400",0,2020-02-24,0.26 A,R
MCCAFFREY KEVIN J + SUSAN N,,8 KELLOGG RD,"347,600","89,500","152,000",1990-11-27,1.44 A,R
TUMUHIMBISE POLYXANIA & SCOTT,,19 FULLER RD,"333,000","64,100","290,000",2022-07-29,0.48 A,R
JOHNSON KRISTEN M & JASON M,,215 NO MAIN ST,"626,000","146,900",0,2012-10-31,1.84 A,R
CARLSON JEFFREY S,MANSFIELD RACHEL,50 ISLEIB RD,"402,800","83,600","530,000",2026-07-01,1.00 A,R
DOYLE J MATTHEW,DOYLE COLLEEN     ET AL,179 CHENEY RD,"350,700","122,200",0,2019-11-05,0.76 A,R
WIEDERSCHALL JEFFREY,,21 PARKER RD,"226,100","69,400","154,900",2013-11-19,0.50 A,R
NORTON CHRISTOPHER J,,21 STURBRIDGE RD,"449,700","86,900","355,000",2008-11-26,1.25 A,R
GOODWIN DAVID C + MICHELLE A,,60 CHAPMAN RD,"464,200","96,600","138,000",1994-05-20,2.76 A,R
RICCIO DAVID A & JACQULINE,,23 COLEMAN LN,"538,300","365,000","649,000",2026-05-13,0.21 A,R
DOWLING VINCENT GARY & DOWLING SUSAN,,481 JONES HOLLOW RD,"393,900","86,100","410,000",2022-02-07,1.20 A,R
DOTSON HAILEY,,17 CHAPMAN RD,"569,600","155,400",0,2023-12-22,21.23 A,R
PATTERSON ANDREW,STRUTH NICOLE,CHAPMAN RD,"98,400","98,400","55,000",2026-08-14,2.40 A,R
DENIS STEFANIE,SYLVESTER J JR DAVID,39 ISLEIB RD,"486,100","83,600","337,500",2019-10-31,1.03 A,R
FROST JACK G JR & NANETTE H,,32 BUCKBOARD LN,"553,300","88,600","465,000",2008-05-16,1.69 A,R
ZACHARY IREVOCABLE TRUST,,113 JONES HOLLOW RD,"543,300","92,500",0,2025-09-17,2.79 A,R
LOIACONO MATTHEW & ERIN,,32 WILLIAMSBURG RD,"396,600","92,600","527,000",2023-12-13,1.40 A,R
RAFFIN JOSEPH H + PATRICIA A,,27 ISLEIB RD,"687,000","150,000",0,1900-01-01,18.19 A,R
MITTON JENNIFER,ALBINO JESSICA,38 HICKORY RD,"318,800","69,200","360,000",2026-02-04,0.65 A,R
RAGUSA ROBERT F + CHRISTINE,,24 WILLIAMSBURG RD,"404,500","86,900",0,1900-01-01,1.25 A,R
CONNECTICUT STATE OF,,ISLEIB RD,"231,400","231,400","142,200",2003-05-14,28.30 A,R
SECKLA WAYNE E + SHARON M,,5 MYRNA DR,"221,100","66,300","106,000",1997-03-27,0.60 A,R
ROSENBERGER FREDERICK,JARMAIN CIARA,287 SOUTH RD,"367,700","83,600","463,000",2025-05-05,1.00 A,R
MURRAY ASHLEY A,,78 MILLSTONE DR,"485,600","90,000",0,2025-09-08,1.17 A,R
PARKS DANIEL,NADEAU NICOLE,325 SO MAIN ST,"437,400","88,600","450,000",2025-08-12,1.39 A,R
RAJPOLT MICHAEL JR + LINDA L,,6 WALNUT DR,"347,300","85,400",0,1900-01-01,1.45 A,R
WRINN MATTHEW,MARCHITTO NICOLE,61 NO PARKER RD,"350,400","122,300","390,000",2025-01-23,6.85 A,R
FUENTES AARON & IVY,,172 SOUTH RD,"351,200","86,900","385,000",2025-08-14,1.25 A,R
COREY JESSICA L ROVOCABLE TRUST,,41 NO PARKER RD,"564,900","99,700",0,2025-09-16,3.32 A,R
PASTERNAK JAMES,,120-122 JONES HOLLOW RD,"285,000","82,100","165,000",2019-10-23,1.50 A,R
PORESKY BRUCE,,124 JONES HOLLOW RD,"261,900","78,300","110,000",2020-11-17,1.18 A,R
RAFF P WILLIAM,,193 SOUTH RD,"424,500","99,500","207,000",2019-10-18,2.55 A,R
MOON SCHWIZER GLORIA,,39 WASHINGTON RD,"277,900","73,600",0,2020-10-02,0.56 A,R
SIMMS CARLILE & SANDRA & JONATHAN,,15 COOLEY RD,"246,100","87,400","70,000",2013-11-19,3.22 A,R
MATERNOWSKI DAVID,,35 NO PARKER RD,"491,900","103,100","348,500",2017-01-17,3.07 A,R
PARADISE CRAIG J + SABRINA,,50 CHAPMAN RD,"417,300","130,000","135,500",1986-10-14,7.59 A,R
NIEB ROBERT P + MARY C,,86 STAGE HARBOR RD,"466,000","110,900","285,000",1988-07-29,4.44 A,R
KRIKSCIUN PAUL A + MAUREEN M SV,,50 STAGE HARBOR RD,"320,100","88,600","156,900",1990-09-04,1.37 A,R
NEILAN RYAN & JACQUELINE N,,84 JERRY DANIELS RD,"569,900","165,000","620,000",2025-01-15,18.30 A,R
HOOD DANIEL R & KRISTINA M,,52 PETTENGILL RD,"286,100","76,000","245,000",2020-12-16,0.50 A,R
MCMASTER BRENDAN & BARRY,,28 BUCKBOARD LN,"344,400","83,000","400,000",2026-06-03,1.27 A,R
JONES ANNE H + DAVID A TRUSTEES,,70 JERRY DANIELS RD,"494,600","114,200",0,2004-05-14,5.39 A,R
JONES HOLLOW ASSOCIATES LLC,,JONES HOLLOW RD,"45,000","45,000",0,2003-04-21,6.50 A,R
MATULIS DAVID J + DONNA B,,66 JERRY DANIELS RD,"454,000","105,400","220,000",1991-09-27,3.40 A,R
BARTOLUCCI DEAN & KELLIE D,,60 JERRY DANIELS RD,"600,700","162,500","362,500",2011-09-06,14.35 A,R
REED A JAMES,,142 FLOOD RD,"302,700","112,500",0,2019-10-01,4.45 A,R
KIRO MICHAEL B,,361 SO MAIN ST,"364,200","93,600","295,000",2022-09-29,1.74 A,R
KASTNER JEFFREY + LORI,,445 JONES HOLLOW RD,"419,800","91,000","239,900",2002-07-26,1.96 A,R
ZIEMBA ELAINE + DARRYL,,80 DICKENSON RD,"397,200","95,700","220,000",2002-04-02,2.63 A,R
HICKS JAMES R,HICKS  DELLA EST,46 JERRY DANIELS RD,"541,800","106,300",0,2025-10-20,3.52 A,R
CROMWELL LYNN,,53 KEIRSTEAD CIR,"258,700","65,400",0,2013-01-17,0.46 A,R
LECLAIR JOSHUA,SANTORO ISABELLA,64 SO BUCKBOARD LN,"381,700","90,300","481,000",2026-08-17,1.54 A,R
FERRERA FAMILY TRUST,,20 HERITAGE DR,"559,300","98,800",0,2023-01-30,1.84 A,R
BERNARDO  CAROLYN R,,106 PETTENGILL RD,"324,000","81,300",0,2026-01-14,0.72 A,R
LEBLANC PAUL E,,114 SANER RD,"405,400","83,000","262,500",2021-02-21,1.25 A,R
MORABITO JEFFREY J,,57 SO BUCKBOARD LN,"371,300","93,600","295,000",2012-07-17,1.75 A,R
MERRITT KEITH,COELHO SHERRY ANN,71 LAKERIDGE DR,"1,017,100","418,000","919,000",2015-08-17,0.55 A,R
PETERSEN THOMAS,,11 FLOOD RD,"389,600","122,100","270,000",2019-11-25,9.88 A,R
PORESKY BRUCE A,MANGILLO PATRICIA,67 LAFAYETTE RD,"388,200","81,100","175,000",2007-12-04,0.90 A,R
ACEVEDO EIMY & ACEVEDO JOSE,MARTINEZ MIGDALIA,18 CHENEY RD,"385,900","120,900","257,000",2021-02-03,0.75 A,R
HANCIN DENNIS M + DIANA A,,79 PARK RD,"598,700","87,000","39,000",2000-11-09,1.60 A,R
JOHNSON DAVID J + KAREN M,,4 SANDY LN,"369,800","89,700","280,000",2004-10-20,1.50 A,R
GAUDETTE CHRISTOPHER D + RENEE E,,150 CHAPMAN RD,"643,300","100,900",0,2006-06-22,2.76 A,R
FAGAN JAY F + PAULA W,,232 WEST RD,"345,100","91,100","173,000",1996-05-15,2.01 A,R
MORSE MICHELLE BRINDLE,,11 HALL TRL,"232,600","50,900","168,000",2016-11-14,0.13 A,R
IVES BRIAN M + COLLEEN F,,335 SO MAIN ST,"362,200","90,300","185,000",1999-10-01,1.50 A,R
MORALES JOSE E,,94 STAGE HARBOR RD,"370,600","83,600","210,000",2016-05-09,1.01 A,R
RINALDO JOHN J + ANNE,,44 JERRY DANIELS RD,"467,400","107,200",0,1900-01-01,3.65 A,R
KAMINSKI SANDRA,,69 JOHNSON RD,"309,000","91,200","301,000",2023-09-12,1.99 A,R
BERTELSEN THOMAS S + JANET D,,122 CHENEY RD,"371,100","122,200",0,1900-01-01,0.79 A,R
SUSAN B RICHMAN REV TRUST,,62 FINLEY HILL RD,"477,200","90,200",0,2013-06-26,1.84 A,R
BANESE RICHARD & CYNTHIA,,34 SO STONY BROOK DR,"394,000","90,900","365,000",2021-12-21,1.26 A,R
MICHAUD TRAVIS,,16 GLENWOOD DR,"277,500","67,600","281,500",2023-06-20,0.60 A,R
MITCHELLA LUCY EST,HILL JOHN R,77 MILLSTONE DR,"346,000","89,100",0,2025-08-11,1.15 A,R
OREN NICHOLAS WATERS,,30 DICKENSON RD,"397,600","88,200","272,000",2014-05-29,2.20 A,R
HAGGARTY RICHARD,,134 SANER RD,"451,000","141,200","500,000",2024-09-03,9.20 A,R
MCKENNA JACOB & CAREN,,11 GLENWOOD DR,"244,300","69,200","173,900",2019-09-03,0.64 A,R
COLONTONIO ERIC,,16 FINLEY HILL RD,"83,800","83,800","65,000",2025-06-02,1.30 A,R
BEYERLY WILLIAM R ESTATE,,19 MONHEGE PATH,"390,400","86,900",0,2025-05-22,1.25 A,R
JAMES MATTHEW,QUEEN EMILY ROSE,18 FINLEY HILL RD,"408,300","89,400","375,000",2024-10-30,1.78 A,R
ROBERTS WILLIAM Z,,87 ROBERTS RD,"284,100","99,400",0,2014-09-22,2.54 A,R
VIRGINIA LEE ROBITAILLE TRUSTEE OF,ROBITAILLE VIRGINIA LEE,18 CAFFYN DR,"311,300","69,400",0,2012-01-09,0.50 A,R
GIBBONS CHARLES A& ROBERT,,33 STONY BROOK DR,"398,500","86,900","365,000",2021-09-29,1.25 A,R
PIACENTINI MICHAEL D,,90 ROBERTS RD,"316,900","72,700","185,000",2015-03-04,0.50 A,R
ELMGREN SHAYNE A  & MIRANTE HEATHER M,,52 SOUTH RD,"538,500","88,600","515,000",2021-04-24,1.38 A,R
HILL MICHAEL R,,74 E HAMPTON RD,"261,100","74,600",0,2001-10-31,1.55 A,R
THE LAMPUGNALE LIVING TRUST,,10 MONHEGE PATH,"437,700","86,900",0,2021-06-25,1.25 A,R
RODRIGUE LUCIENNE & JEAN MARC,,56 SOUTH RD,"366,600","88,600",0,2010-09-30,1.40 A,R
DAVIS MARK H & JESSALYN P,POND BETHANY,17 STURBRIDGE RD,"531,300","86,900","499,900",2023-10-05,1.25 A,R
HURLBURT DAVID,,46I EDSTROM RD,"59,100",0,"22,900",2021-01-05,0.00 A,R
WILLIAMS JAMES H JR,,26 FLOOD RD,"322,500","80,500","225,000",2022-03-16,1.42 A,R
PLOURDE THOMAS E,,31 BLACKLEDGE DR/N,"306,400","97,200","140,050",2014-07-29,3.70 A,R
LACAVA JUDITH A + JOSEPH P TRUSTEES,,113 FLOOD RD,"1,396,900","524,600","260,000",1998-12-29,69.42 A,R
EAST HAMPTON ROAD APARTMENTS LLC,,196 E HAMPTON RD,"1,629,500","90,600",0,2018-10-24,1.16 A,R
LANZ DANIELLE N,,74 SO STONY BROOK DR,"444,700","95,300","285,000",2020-07-02,1.56 A,R
BAKER RUSSELL + MARTA AMOR,,28 FLOOD RD,"498,800","81,800",0,2002-01-30,1.21 A,R
DESTEFANO BERNARD L & CYNTHIA L,,199 E HAMPTON RD,"357,300","70,500","271,000",2007-01-17,1.16 A,R
ROMANCHUCK LIVING TRUST,,69 PORTLAND RD,"387,600","91,300",0,2026-08-03,2.00 A,R
ROMANOWSKI JANET M,,75 NO PARKER RD,"603,300","153,100",0,1989-03-13,12.51 A,R
GASPARRI LOUIS & WENDY LEA,,85 NO PARKER RD,"661,600","113,800","660,000",2023-09-19,6.12 A,R
RONCAIOLI ROBERT L + MARIE,,42 LAKERIDGE DR,"301,600","114,400",0,1977-12-29,0.55 A,R
HOLT NICHOLAS,LALLY ABIGAEL,29 LAFAYETTE RD,"310,000","75,200",0,2025-03-06,0.63 A,R
ALLEN SANDRA L & KENNETH R,,62 ISLEIB RD,"435,700","84,400","211,000",2010-02-16,1.05 A,R
SHEA JAMES P & SARA J,,16 JAMES LN,"647,700","111,900","331,000",2012-12-12,3.71 A,R
MALENFANT WAYNE A & TRACEY L,,102 HIGH MEADOW RD,"559,700","99,400","480,000",2008-08-18,1.16 A,R
TIERNEY ANDREW,,14 PHELPS RD,"204,200","69,400","152,000",2016-06-07,0.50 A,R
ROSCOE SUSAN A,,368 SO MAIN ST,"419,800","112,500",0,2007-05-08,5.30 A,R
ROONEY WILLIAM P + MARGARET A,,116 STAGE HARBOR RD,"381,700","83,600",0,1900-01-01,1.00 A,R
KONOPKA BRIAN & MEGHAN    J/T,,47 HEMLOCK DR,"406,000","90,300","303,000",2009-09-16,1.49 A,R
BOVE KRISTIN,SYVERSEN SHARON,117 JERRY DANIELS RD,"599,200","90,300",0,2016-03-09,1.48 A,R
TONER ROGER J & JENNA D,,199 SO MAIN ST,"331,600","84,400","203,000",2018-06-27,1.70 A,R
ROWLEY JOHN T & ALICE O TRUST,,28 WILLIAMSBURG RD,"361,100","86,900",0,2024-05-30,1.25 A,R
MROTEK DAVID R & KARIN,,41 DICKENSON RD,"376,000","87,800","425,000",2025-11-25,1.65 A,R
ZAYAS SAMANTHA J,WOLFRAM DOUGLAS,28 RIDGEWOOD DR,"375,100","89,700",0,2025-05-29,1.50 A,R
ROUTHIER GEORGE D,,146 FLOOD RD,"550,900","107,900",0,1998-01-12,4.45 A,R
CLOUTIER GERALD,,30 BLACKLEDGE DR/N,"334,600","156,600","225,000",2019-01-17,12.40 A,R
DUBOIS JEFFREY R & NICOLE L,,39 KELLOGG RD,"459,600","100,700",0,2020-05-21,2.73 A,R
106-108 SANER ROAD LLC,,106+ SANER RD,"213,900","74,200",0,2023-02-06,0.75 A,R
MCGUIRE JOSEPH P + SARAH E,,29 BLISH RD,"441,000","79,800",0,2003-08-18,1.00 A,R
SPENCER KELLY & JON,,27 ROBERTS RD,"430,000","95,600","295,000",2020-11-20,2.00 A,R
LYKINS STEVEN + KELLI-JEAN,,19 STONY BROOK DR,"569,200","95,300","185,000",2000-04-04,1.99 A,R
AQUARION WATER CO OF CONN,,64 E HAMPTON RD,"61,000","31,900",0,2011-12-02,4.98 A,R
NELSON ROBERT & CLARICE,,7 BUCKBOARD LN,"348,800","83,000","326,000",2022-06-09,1.25 A,R
SMITH CANDICE,BROWN DAVID R,42 LAFAYETTE RD,"249,900","75,200",0,2025-10-21,0.62 A,R
SAUNDERS CATHY L,,36 DENLER DR,"432,900","81,100",0,2016-06-17,0.90 A,R
VALERIA KRYSTA L & FRANCIS R,,362 SO MAIN ST,"336,000","108,300","292,000",2021-04-14,4.46 A,R
DIANA MICHAEL A & KELLY A,,42 LAUREL LN,"430,000","99,000","315,000",2013-06-04,1.87 A,R
RUSSO JASON,,251 JONES HOLLOW RD,"404,700","83,600","485,000",2026-01-08,1.61 A,R
SPINELLI MARIE J,,41 HEMLOCK DR,"378,600","89,500",0,1900-01-01,1.44 A,R
MAYNARD BENJAMIN,STERLING LORAINE,77 PARK RD,"402,200","90,200",0,2017-03-23,1.84 A,R
BLACK  GERALDINE C,,20 WILLIAMSBURG RD,"388,600","86,900",0,2024-03-26,1.25 A,R
DALTON AARON E,DALTON DEBORAH,42 ROBERTS RD,"412,300","77,700",0,2023-03-27,0.75 A,R
DECARO JAMIE,,52 ROBERTS RD,"316,100","83,600","154,000",2016-07-08,1.02 A,R
SANDAHL KAREN L,,90 JOHNSON RD,"284,400","77,400",0,2009-06-01,0.90 A,R
PINTO DOMENICK JOHN,,15 GLENWOOD DR,"246,900","69,200","285,000",2024-01-29,0.64 A,R
ANDERSON ALEA & PIATEK MARC,,40 CHAPMAN RD,"418,600","108,600","360,000",2021-07-27,4.60 A,R
SANTANGELO JANE G + JOSEPH S,,26 CHAPMAN RD,"528,800","105,000",0,1987-02-09,3.95 A,R
HAYES WILLIAM H,,23 ROBERTS RD,"332,500","80,300","127,000",1997-12-04,0.86 A,R
KARPMAN BORIS + MARIA,,91 JERRY DANIELS RD,"423,300","89,500",0,1998-10-06,1.43 A,R
MCCORMACK MATTHEW & BRIANNA,,9 JOHNSON RD,"351,600","89,000","401,000",2025-04-21,0.92 A,R
FIDLER JOHN H III,WHIPPLE TAYLOR JORDAN,47 DENLER DR,"399,800","79,400","265,000",2019-05-24,0.80 A,R
STEC JACEK & ELZBIETA,,127 HEBRON RD,"463,000","61,800",0,2021-12-28,1.84 A,R
VIOLANO TYLER & BRIANNA,,67 DICKENSON RD,"348,300","84,600","445,000",2026-07-14,1.39 A,R
SAPIA ALBERT V JR + JANIS,,98 JONES HOLLOW RD,"371,000","71,400",0,1900-01-01,0.79 A,GC
TANTOCO MARY ROSE,LALONDE ELISHA,96 SOUTH RD,"550,800","96,300","377,500",2019-11-14,4.42 A,R
16 WEST RD LLC,,16 WEST RD,"288,700","101,100","300,000",2023-02-02,2.32 A,GC
LYKINS STEVE L + KELLI J,,93 NO MAIN ST,"266,800","93,600","86,000",1996-09-23,0.20 A,R
SARDI DENNIS R + PAMELA W,,137 SANER RD,"303,000","76,600",0,1900-01-01,0.85 A,R
GRZEBYK BARTOSZ & ROKSANA,,255A JONES HOLLOW RD,"432,700","82,100","252,000",2017-09-18,1.50 A,R
SATRIANO GENNARO J + KAREN M,,52 NO PARKER RD,"439,400","143,700",0,1900-01-01,16.33 A,R
DAVIES SANDRA & ANDREW,,62 LAFAYETTE RD,"247,600","59,400",0,2021-02-10,0.18 A,R
HERNANDEZ DANIELLE MARIE,,14 SANDY LN,"416,900","86,400","292,500",2015-06-23,1.27 A,R
SANDERSON TODD + BETHANY N,,24 LAKERIDGE DR,"345,600","111,800","143,500",2002-02-06,0.48 A,R
GRISWOLD KATHERINE,,21 HICKORY RD,"292,100","66,100","130,000",2014-10-27,0.52 A,R
TESKE JACK J + JACQUELINE S,,20 ROBERTS RD,"348,600","82,800","130,000",1996-09-30,0.95 A,R
MALAJAS DIANA L,,15 MYRNA DR,"232,800","66,300",0,2020-12-15,0.57 A,R
SCALORA CARMELO + JUNE M,,24 HERITAGE DR,"397,700","89,100",0,1900-01-01,1.15 A,R
SCARPACE DEBRA A,,10 ALDEN CIR,"413,300","93,600",0,2002-01-17,1.79 A,R
SAXTON JONMICHAEL & SARAH,,278 WEST RD,"306,700","97,600","225,000",2026-01-13,2.89 A,R
MCKAY CHARLES A JR + NANCY J,,61 ROBERTS RD,"470,100","88,600","227,000",1988-07-15,1.40 A,R
DEBOWSKY TANNER &  KRISTEN & JARRETT,,121 FLOOD RD,"417,800","126,200",0,2025-12-18,5.80 A,R
SCHADTLE ROBERT,,252 WEST RD,"344,300","136,900","286,800",2022-11-18,9.32 A,R
HALE WELLES JR,GIRARD SANDRA,174 WEST RD,"454,700","83,800","362,500",2005-10-18,1.29 A,R
SCHADTLE PHILIP + STEPHEN J ETAL,,259 WEST RD,"490,300","254,400",0,1997-07-31,44.34 A,R
DOLL EVA K,WEINBAUM JONATHAN C,78 JERRY DANIELS RD,"527,500","94,600","365,000",2018-02-12,1.85 A,R
BARCLAY JUDITH,WETHERBE STUART,75 WEST RD,"435,500","99,900","373,900",2021-01-18,3.57 A,R
SARNIK BARBARA A,,12 PARK RD,"372,600","84,600",0,2021-10-06,1.40 A,R
KELLEY-SCHICHE DOROTHY,,46H EDSTROM RD,"74,100",0,1,2024-06-12,0.00 A,R
ADDINGTON MICHAEL S,,160 SANER RD,"321,100","103,100",0,2006-03-28,4.00 A,R
C & J DAIUTO K BOND C & R RITCHIE,,5 COLEMAN LN,"847,100","365,000",0,2022-02-05,0.21 A,R
SCHWARZMANN VIOLET,,112 HEBRON RD,"510,200","230,200",0,2017-08-08,27.39 A,R
KLEINSCHMIDT PATRICIA S,,92 JONES HOLLOW RD,"277,700","70,700","129,500",1996-08-12,0.75 A,GC
SHISHKIN SERGEY L,,18 ROBERTS RD,"406,000","83,600","273,000",2004-12-10,1.00 A,R
SMITH CHRISTOPHER DANIEL,PROTZMAN ELIZABETH,16 MYRNA DR,"334,300","67,800","244,000",2020-07-10,0.64 A,R
HEALY MATTHEW & RACHEL,,22 CAFFYN DR,"316,200","79,800","436,500",2026-06-10,1.00 A,R
NILSEN SUSAN FOTHERGILL,,36 E HAMPTON RD,"100,800","100,800",0,2013-09-23,1.30 A,GC
VON GLUECK JOY,,29 WASHINGTON RD,"334,300","81,900","376,000",2024-12-30,0.91 A,R
BRAY MATTHEW A,KOWALSKI BRITTANY A,31 FINLEY HILL RD,"381,600","92,600","430,000",2024-12-30,2.19 A,R
ALVEY PHILIP & JULIE,,24 KELLOGG RD,"405,500","95,700","350,000",2021-03-26,2.01 A,R
WOLFE LISA & ADAM R,,15 VICTORIA LN,"417,200","93,500","284,000",2017-08-17,1.47 A,R
DELANO STEVEN W + AILEEN L,,21 SO STONY BROOK DR,"427,500","94,400","265,000",1987-07-21,1.52 A,R
KUZIA KEVIN,,25 SO STONY BROOK DR,"527,800","103,600","620,000",2025-12-15,2.70 A,R
GOSSELIN GREGORY J,,161 OGDEN LORD RD,"953,300","112,800","55,000",1994-03-18,3.23 A,R
MORGANSON DAVID W & AMY,,88 HEBRON RD,"349,300","79,400","209,000",2009-02-09,2.14 A,R
MARLBOROUGH LAKESIDE VILLAGE,,156+ NO MAIN ST,"568,200","568,200","875,000",2024-09-16,2.30 A,R
ALVARADO ANDREW N & SHANNON K,,23 MYRNA DR,"292,600","64,800","223,000",2017-08-31,0.52 A,R
CHRISTMAS AMY,,99 JOHNSON RD,"318,700","85,400",0,2016-05-02,1.47 A,R
MCKINNON LAURA A,,87 JOHNSON RD,"441,500","85,400","300,000",2016-06-06,1.45 A,R
VALLERA CHRISTOPHER,,222 NO MAIN ST,"229,700","120,900","132,000",2014-07-11,0.75 A,R
PLOURDE FAMILY TRUST,,28 KELLOGG RD,"427,000","96,200",0,2026-01-09,2.08 A,R
BARR JODY,,21 HERITAGE DR,"459,600","98,800","342,500",2019-07-15,1.84 A,R
KAUFMAN MICHAEL J & ALISON A,,74 JERRY DANIELS RD,"458,000","96,100","333,000",2020-10-14,2.07 A,R
ESTABROOK LINDA M,,16 WILLIAMSBURG RD,"390,200","86,900","274,000",2009-11-02,1.25 A,R
OKEEFE RYAN F & SARAH,,3 PAPERMILL RD,"480,000","117,800","380,000",2020-08-25,5.20 A,R
SLADEK JOSEPH LOUIS & GABRIELA,,26 RIVERVIEW CIR,"780,900","101,800","575,000",2018-04-04,3.14 A,R
FITZGERALD JUDITH,,30 RIVERVIEW CIR,"475,500","107,900",10,2009-07-28,4.24 A,R
BOURSY ANDREW P + MARCIA C,,22 RIVERVIEW CIR,"525,900","96,700","60,450",1987-01-16,2.16 A,R
MARLBOUGH LAKESIDE VILLAGE,,163 NO MAIN ST,"214,000","214,000","875,000",2024-09-16,24.06 A,R
GILLETTE E STEVEN,,176 SANER RD,"363,400","94,800","267,000",2019-10-01,2.50 A,R
QUATTROPANI ANTHONY A,QUATTROPANI TRACY J  CO TRUSTEES,148 NO MAIN ST,"785,600","465,000",0,2016-10-25,0.75 A,R
LEARY MARK R + KATHLEEN S,,42 CHENEY RD,"384,100","136,500","159,000",1989-08-02,1.32 A,R
SHEPARD WADE A & KARIN J,,23 KEIRSTEAD CIR,"236,000","57,000",0,2022-06-28,0.23 A,R
HOLCOMBE ANNE S & SHEPARD M JR & EMILY G,CO TRUSTEES,HOLCOMBE RD,"633,200","633,200",0,2015-09-21,100.50 A,R
VITARELLI TRACI A REVOCABLE TRUST,,127 CHAPMAN RD,"888,700","605,000",0,2023-12-04,97.18 A,R
PORTER BRIAN J & JENNIFER L,,72 KEIRSTEAD CIR,"216,600","65,400","145,000",2018-11-02,0.46 A,R
PERRY BRIAN S,LORD MELISSA,101 DICKENSON RD,"310,700","84,600","175,000",2018-11-28,1.38 A,R
SHEVCHENKO PETER A + LINDA J,,52 SANER RD,"231,000","91,200",0,2006-10-26,1.99 A,R
DOMENICO & CARMELA REGINA REVOC TRT,REGINA DOMENICO & CARMELA CO-TRST,195 E HAMPTON RD,"328,300","70,500",0,2013-04-12,1.20 A,R
SHEVCHENKO GRADY P + MARY D,,44 SANER RD,"258,100","92,800",0,1988-05-24,2.21 A,R
SHIELDS DIANE M,,142 WEST RD,"328,600","82,200","55,765",1992-09-01,1.22 A,R
BLESSO RICHARD P + DEBORAH M,,100 STAGE HARBOR RD,"435,300","83,600","83,500",1998-10-30,1.00 A,R
SHONK RICHARD L + CATHERINE E,,82 JERRY DANIELS RD,"467,600","94,500",0,1986-10-27,1.84 A,R
SHEA MARK P,,219 E HAMPTON RD,"358,400","70,500","101,000",1998-09-30,1.17 A,R
TRABER MARGARET L,,39 SOUTH RD,"308,000","73,600","205,000",2014-01-21,0.55 A,R
RANTA SEAN ROBERT & MARIN ELIZABETH,,31 STONY BROOK DR,"449,200","86,900","289,000",2012-08-20,1.25 A,R
HOPKINS P JOSEPH,,28 MILLSTONE DR,"542,500","89,100","370,000",2020-07-01,1.15 A,R
MCSHANE PATRICK & SAMANTHA,,35 PARKER RD,"262,200","93,700","250,000",2022-08-03,2.50 A,R
HAUZEUR CHRISTINE,,148 HEBRON RD,"375,900","77,300","176,000",2003-03-31,1.83 A,R
WELLING TRACY H,,10 RIVERVIEW CIR,"614,100","94,500",0,2005-05-13,1.84 A,R
SMITH IULIIA S,SMITH  DAVID R  (ESTATE),26 MAYFLOWER RD,"484,900","91,800",0,2026-03-13,1.31 A,R
SIME GORDON P,,6 GARDEN LN,"331,300","83,600",0,1900-01-01,1.64 A,R
PORESKY BRUCE,,23-25 BLISH RD,"381,000","90,200","140,000",2010-06-17,1.84 A,R
JOHNSON SHAWN D,,49 MILLSTONE DR,"528,500","89,700","60,000",2010-06-10,1.49 A,R
SLATER MICHELLE & DYLAN J,,192 SO MAIN ST,"273,700","76,000",0,2017-05-15,1.00 A,R
MCFARLAND FAITH M & JAVONNI K,,156 JONES HOLLOW RD,"353,500","64,600","376,000",2024-03-01,1.00 A,R
MALAJAS DIANA L,,15 MYRNA DR,"232,800","66,300",0,2020-12-15,0.57 A,R
PRESS LAURIE & MARSHALL CO TRUSTEES,,54 LAUREL LN,"541,900","98,800",0,2020-01-23,1.84 A,R
DZIEDZIC GRANT,,80 CHAPMAN RD,"438,200","119,700","136,500",2019-10-04,6.38 A,R
ROBERT LORD JR EST,,3 HICKORY RD,"173,600","66,100",0,2023-12-19,0.51 A,R
DUTKA THOMAS M,BERNIER-DUTKA LYNNE C,146 WEST RD,"348,800","87,000","235,000",2017-10-31,1.55 A,R
PEACH COLLIN A & CHRISTINE E,,20 KELLOGG RD,"401,700","95,700","300,000",2007-02-21,2.01 A,R
MURPHY E LEE,,10 EDSTROM RD,"376,900","95,200","221,000",1989-04-11,2.56 A,R
BURNS JAMES M,,68 SANER RD,"418,700","99,300","223,000",1999-12-13,3.14 A,R
PYNE JAMES E,TOMPKINS MARLENE R,12 HALL TRL,"328,000","58,500",0,2023-05-02,0.26 A,R
SCIANO PAUL M + MARY B,,26 STANDISH DR,"404,200","87,000","182,500",1995-01-31,1.59 A,R
QUARANTO PAUL F,ALBA CHRISTINA M,258 SOUTH RD,"528,100","102,700",0,2017-02-13,3.01 A,R
SUAREZ ERICK,SPACK HEATHER M,120 SANER RD,"349,900","83,000","235,000",2020-01-27,1.25 A,R
LESLIE DAVID & LEJEUNE ANDREW,,63 KEIRSTEAD CIR,"306,100","61,600",0,2021-10-29,0.32 A,R
SARGENT GARY T + BETH A,,113 EDSTROM RD,"379,200","103,400","170,000",1995-06-19,2.50 A,R
MILLER DONALD W + MARY BETH,,56 DICKENSON RD,"387,100","96,700","138,500",1986-11-25,2.77 A,R
REYNOLDS BRENDAN T& MELISSA A,,96 CHENEY RD,"427,700","123,500","500,000",2025-03-06,0.80 A,R
SMITH KEITH L + SUSAN T,,176 FLOOD RD,"580,400","93,600",0,1900-01-01,1.79 A,R
JOHNSON SUZANNE,WILLIAMS GERALDINE,27 BLISH RD,"321,100","84,600",0,2026-06-17,1.38 A,R
BADEAU PAUL M & JENNIFER E,,51 LAKERIDGE DR,"876,900","382,500","625,000",2019-07-30,0.62 A,R
FLETCHER DREW,WOLLENBERG,31 HERITAGE DR,"422,800","91,800","340,000",2021-03-15,1.29 A,R
BLISH ALLAN E JR,,BLISH RD,"4,400","4,400",0,1967-03-31,0.63 A,R
SWANSON NORMAN R + JANET H,,98 DICKENSON RD,"328,700","99,000",0,1900-01-01,3.09 A,R
COONEY NATHALIE & SHAMUS,,130 WEST RD,"429,400","86,200","270,000",2010-10-04,1.51 A,R
SCHWAB TORRIE,,346 JONES HOLLOW RD,"347,200","83,000","210,000",2011-12-12,1.25 A,R
CHICOINE KEITH R + JENNIFER S M,,74 PETTENGILL RD,"285,200","77,800","255,000",2004-07-19,0.57 A,R
HANSEN KATHERINE A & DECORLETO KAREN E,,72 DICKENSON RD,"344,300","97,100",0,2008-03-31,2.83 A,R
WALSH MELINDA S,,369 SO MAIN ST,"361,300","91,100","235,000",2016-06-02,1.56 A,R
DUREL DAVID & BRENDA,,15 WASHINGTON RD,"660,300","118,300",0,2023-01-26,0.66 A,R
BOGUS RYAN C,,21 BLISH RD,"350,900","88,600","317,000",2021-11-17,1.71 A,R
WILLIAMS V VANESSA T,,153 OGDEN LORD RD,"679,000","109,500",0,2024-09-17,2.75 A,R
ESMIOL MATTHEW A & ELIZABETH K,,149 OGDEN LORD RD,"589,500","106,300","530,000",2012-12-04,2.30 A,R
21 AUSTIN-HGB LLC,,21 AUSTIN DR,"388,200","110,700",0,2016-07-13,3.80 A,DBIZ5
HAMMOND CLAYTON & CAROL ANN,,145 OGDEN LORD RD,"791,600","105,700","675,000",2022-03-10,2.21 A,R
DITOMMASO MARK,,141 OGDEN LORD RD,"735,600","104,200",0,2016-10-03,2.00 A,R
ANSALDI ASSOCIATES LLC,,POND VIEW LN,"105,900","105,900",0,1998-09-18,1.28 A,R
TKS HOLDINGS LLC,,9 AUSTIN DR,"1,413,300","177,700","1,470,000",2015-02-27,4.15 A,DBIZ5
GOODSPEED SCOTT D,,131 OGDEN LORD RD,"650,900","97,600","768,000",2024-06-14,1.59 A,R
FERMIOLI HOLDINGS LLC,,195 NO MAIN ST,"513,500","140,400","405,000",2025-10-07,1.54 A,R
WALTER GRIN TR,GRIN IRREVOCABLE TRUST,39 LAUREL LN,"430,800","99,200",0,2022-03-14,1.90 A,R
SOUSA  DOROTHY,,342 JONES HOLLOW RD,"351,500","83,000",0,2011-07-26,1.25 A,R
WILCOXEN SHAROL L,,137 OGDEN LORD RD,"597,400","101,200",0,2017-12-21,1.69 A,R
VASHALIFSKI DENISE,,17 MYRNA DR,"195,400","67,000","103,000",1998-12-14,0.63 A,R
BASTARCHE KIM A & CRAIG B,,51 PORTLAND RD,"530,300","153,900","510,000",2024-07-11,14.35 A,R
DANBURG ANTHONY W & MARIA M,,21 OLD CIDER MILL LN,"768,300","260,000","535,000",2015-10-30,1.27 A,R
ANDREWS JOYCE M,,29 HODGE RD,"256,000","55,100",0,1987-02-09,0.69 A,R
CONNECTICUT STATE OF,,OGDEN LORD RD,"2,496,400","2,496,400",0,1900-01-01,798.20 A,R
BODEY JUSTIN F + NADIA S,,90 CHENEY RD,"524,100","123,500","130,000",1999-12-29,0.80 A,R
JOHNSON TYLER,QUETSCHKE LAURA,43 SOUTH RD,"425,500","83,600","278,000",2020-02-10,1.00 A,R
LABELLA MATTHEW,MCNULTY EMILY,47 SOUTH RD,"341,600","84,400","335,000",2025-10-20,1.09 A,R
THREE FIFTY NINE LLC,,359 NO MAIN ST,"994,500","116,500","550,000",2010-03-30,3.15 A,DBIZ
SCHWEIGHOFFER GREG J & EILEEN K,,11 OAK DR,"340,600","91,400",0,2013-03-05,2.01 A,R
SPOONER IDA L,,107 NO MAIN ST,"283,700","92,300",0,1900-01-01,0.18 A,R
GRILLO JOSEPH M,,331 JONES HOLLOW RD,"392,200","77,400","186,000",2024-10-31,0.87 A,R
STACHELEK RICHARD + LINDA M,,164 FLOOD RD,"463,300","109,000",0,1900-01-01,3.91 A,R
MCKENNA ROBERT D & STEPHANIE M,,169 SOUTH RD,"467,900","94,500","252,000",2017-08-02,1.84 A,R
YOUNG ERIK,,351 SO MAIN ST,"466,500","119,600",0,2024-04-16,5.46 A,R
BOHMAN DONALD L,BOHMAN JUDITH B,5 MYSTIC LN,"371,800","86,900",0,2023-11-27,1.25 A,R
JAGEL CHRISTOPHER,,46 LAKERIDGE DR,"524,600","114,400","285,000",2020-10-29,0.55 A,R
SIMON DONNA R,,149 CHENEY RD,"269,000","114,400",0,1995-02-07,0.55 A,R
PASTERNAK JAMES T,,111 WEST RD,"418,000","91,700","107,000",2010-10-07,2.06 A,R
STAVROPOULOS MARIA + THEODOROS,,45 LAUREL LN,"549,400","98,800",0,1900-01-01,1.84 A,R
SOUTHERN NEW ENGLAND TELEPHONE,,10 HEBRON RD,"312,000","140,600",0,1900-01-01,2.56 A,GC
137 SO MAIN REALTY LLC,,137+ SO MAIN ST,"598,500","96,800","450,000",2021-06-30,3.10 A,R
DONYAVI DARYUSH & TRACY,,339 SO MAIN ST,"322,800","87,800","196,000",2013-01-11,1.33 A,R
MERRITT MARK,,72 JONES HOLLOW RD,"323,300","70,700",0,2004-08-17,0.73 A,GC
WALLACE AIMEE,CUMMINGS MEAGAN,131 JONES HOLLOW RD,"481,000","100,300","368,000",2021-01-20,4.00 A,R
BOLDUC JEAN PAUL,BOLDUC LOUISE A,175 JONES HOLLOW RD,"396,300","79,000",0,2020-12-02,1.26 A,R
TYRSECK FREDERICK E JR,,45-47 SO MAIN ST,"320,500","73,000","206,000",2019-04-03,0.83 A,R
STEPIEN JOSEPH W + BARBARA J,,34 HODGE RD,"348,500","86,200",0,1900-01-01,1.48 A,R
MANDEVILLE MONICA,GORE KYLE,338 JONES HOLLOW RD,"323,900","83,000","234,900",2016-09-07,1.25 A,R
ST JOHN CHERYL A,,117 HEBRON RD,"257,200","67,700","121,500",1992-09-01,1.66 A,R
KOBYLUCK JUSTIN & ERIN,,5 WALKER LN,"382,500","76,000",0,2021-10-02,0.50 A,R
GRIFFIN SHAUN CHARLES,,278 SOUTH RD,"528,600","107,700","415,000",2021-08-24,3.72 A,R
GIBSON NOAH RILEY,,124 SOUTH RD,"328,400","108,300","225,000",2023-02-01,4.47 A,R
STEVENS ERNEST MICHAEL + JUDITH R,,206 NO MAIN ST,"1,028,100","495,000","517,000",2006-05-15,0.98 A,R
POLOCHANIN DAVID W + CLAUDINE K,,166 WEST RD,"428,400","83,800","265,000",2003-07-31,1.29 A,R
SIMMONS KEITH,BAR ON DORIT,40 HODGE RD,"552,300","90,200","450,000",2014-05-29,1.84 A,R
CONNECTICUT STATE OF,,OLD WILLIMANTIC RD,"324,100","324,100","345,000",2007-04-16,53.59 A,R
STUART CHARLES E + KATHLEEN C,,5 FULLER RD,"307,200","81,200",0,1900-01-01,1.56 A,R
FERGUSON DONALD G JR,,14 WALNUT DR,"299,700","83,000","154,000",2014-12-08,1.25 A,R
ZAGAJA KELLYN & DANIEL,,27 MAYFLOWER RD,"557,500","93,500","615,000",2025-03-31,1.45 A,R
STUBAUS BRUCE K & VALERIE M IRREVOCABLE,,78 SO STONY BROOK DR,"460,600","93,500",0,2023-07-06,1.47 A,R
STRICKLAND  TERI,,12 PARKER RD,"340,800","86,800",0,2026-07-02,2.00 A,R
STRIMAITIS ALAN J + LORRAINE K,,24 RIDGEWOOD DR,"391,100","87,200",0,1900-01-01,1.30 A,R
BELL ZACHARY & AUTUMN M,,12 OAK DR,"314,000","83,800","193,000",2014-12-02,1.31 A,R
TAYLOR CHRISTINE A ESTATE,,8 PHELPS RD,"210,300","69,400",0,2026-02-26,0.50 A,R
MITCHELL VIRGINIA R,,165 JONES HOLLOW RD,"287,600","74,500","205,000",2018-06-01,0.92 A,R
REISER JEREMY & ARIAN,,18 HEMLOCK DR,"373,000","86,900","345,000",2021-10-20,1.28 A,R
STONECREST BEACH CLUB INC,,LAKERIDGE DR,"42,000","42,000",0,1900-01-01,0.41 A,R
BOUTHIETTE LAUREN C,,67 MILLSTONE DR,"429,400","93,500",0,2025-11-25,1.43 A,R
LOVEJOY CHARLES & DAISY,,4 OAK DR,"406,200","83,000","430,000",2024-03-18,1.25 A,R
MITCHELLA LUCY EST,HILL JOHN R,77 MILLSTONE DR,"346,000","89,100",0,2025-08-11,1.15 A,R
BONOMO BONNIE L REVOCABLE TRUST,,47 DICKENSON RD,"603,100","88,600",0,2025-06-12,1.70 A,R
GRANATEK JASON R & KELLY M,,38 FINLEY HILL RD,"492,700","114,100","285,000",2009-03-30,6.15 A,R
SHULTZ JEFFREY R & PINEIRO STEPHANIE,,331 SO MAIN ST,"363,000","89,500","314,000",2021-04-28,1.45 A,R
RENSTROM CAITLYN M & PIZZUTO JOSEPH A,,97 CHAPMAN RD,"373,800","113,100",0,2021-07-09,4.50 A,R
MARTIN KATHLEEN & DANIEL,,157 HEBRON RD,"351,300","72,500",0,2023-02-13,1.40 A,R
STIANO KYLE D & DEBORAH J,,45 HEMLOCK DR,"458,900","95,100","435,000",2026-01-27,1.92 A,R
SWANSON NORMAN R + JANET H,,98 DICKENSON RD,"328,700","99,000",0,1900-01-01,3.09 A,R
DANEK ROBERT J + KIM E,,30 SO STONY BROOK DR,"448,300","117,700",0,1994-07-11,5.25 A,R
BONVILLE LEONARD JR + ANNA MARIE,,19 BUCKBOARD LN,"308,800","83,000",0,1968-02-23,1.25 A,R
ORSINI LUKE T & KATHLEEN F,,93 JONES HOLLOW RD,"399,300","87,900",0,2006-01-17,2.12 A,R
COSGROVE BARBARA SULZINSKI,,20 WEST RD,"368,800","91,600",0,2025-12-08,2.04 A,R
SHAPLEIGH LEIGH,GINN JUDITH,145 NO MAIN ST,"500,000","109,200","536,000",2025-03-06,0.41 A,R
SHENELL TIFFON SMITH,,92 SANER RD,"331,400","77,400",0,2022-11-30,0.90 A,R
LOVETT MANDIE,,29 DENLER DR,"376,200","80,300","270,000",2020-11-30,0.85 A,R
LANGAN BRIAN & NATASHA,,41 STONY BROOK DR,"455,000","86,900","440,000",2023-10-23,1.25 A,R
PETERS JAMES M + GARBARINO TRACEY A,,187 E HAMPTON RD,"325,400","70,500","138,000",1996-05-07,1.16 A,R
SPRAGUE FRANCES W,,46E EDSTROM RD,"65,100",0,"13,000",1997-11-03,0.00 A,R
BOULAY RONALD P + JEANNE F,,185 SOUTH RD,"427,100","86,900","229,000",2002-10-22,1.28 A,R
HAYES MARK J + MARIANNE ELIZABETH,,11 GINA LN,"591,400","98,900","395,000",2002-12-23,2.00 A,R
LARKIN JESSICA W,GENEREUX TREVOR S,33 DICKENSON RD,"410,400","87,000","319,000",2017-08-21,1.58 A,R
MORALES JOSHUA,,10 PHELPS RD,"208,000","69,400","305,000",2025-11-14,0.50 A,R
COFFIELD ORUS REED IV EST,,35 RIDGEWOOD DR,"570,700","89,900",0,2023-01-03,2.00 A,R
TERASE ROBERT J + FRANCES L,,106 CHAPMAN RD,"608,900","233,300",0,1900-01-01,22.50 A,R
GUSTAFSON CARL,,61 DENLER DR,"425,500","79,400","285,000",2013-05-28,0.80 A,R
LACHAPELLE BRIAN N,,68 E HAMPTON RD,"207,000","79,300","135,000",2020-01-21,2.12 A,R
TYLER JAMES III,,40 PORTLAND RD,"370,500","87,800",0,2022-04-24,1.66 A,R
CALANDE CORGIN,,14 GLENWOOD DR,"236,900","69,900","273,000",2026-04-01,0.69 A,R
DIAMANTINO C CORREIA,,191 SO MAIN ST,"367,100","87,000","262,000",2006-08-30,2.00 A,R
ONEAL JANELLE,,21 WILLIAMSBURG RD,"351,800","87,800",0,2020-10-26,1.35 A,R
DUVA ANTHONY P & SUSAN W,,17 HEMLOCK DR,"328,500","93,900",0,2009-09-23,2.59 A,R
GALLO RICHARD P,,76 DICKENSON RD,"331,700","96,900",0,2013-08-02,2.80 A,R
PATTERSON ANDREW,STRUTH NICOLE,CHAPMAN RD,"98,400","98,400","55,000",2026-08-14,2.40 A,R
WESTCOTT JASON ROBERT & KERI LEE,,448 JONES HOLLOW RD,"408,200","90,500","299,000",2020-08-27,1.88 A,R
GHIRLANDA ROMANO + DEBBIE,,31 RIDGEWOOD DR,"501,900","91,700","72,500",2002-04-29,2.34 A,R
THIBODEAU NATHALIE D,,21 PORTLAND RD,"437,800","91,100",0,2019-01-15,2.11 A,R
STOREY WILLIAM E + BARBARA K,,144 CHAPMAN RD,"554,800","101,200","300,000",2001-01-29,2.80 A,R
THOMPSON GILBERT J + LAURIE M,,31 SO BUCKBOARD LN,"360,400","86,900",0,1977-03-28,1.25 A,R
MONTERO ENRIQUE E + MARIA A,,70 ROBERTS RD,"374,000","81,100","218,250",2000-06-22,0.87 A,R
TELLER EUGENE JR & JENNIFER,,319 JONES HOLLOW RD,"297,500","83,000","389,000",2026-08-12,1.25 A,R
DONATO KRISTEN K,WOJICK LUCAS W,133 SOUTH RD,"386,400","92,000","267,500",2013-10-28,1.65 A,R
JOHNSON JOSEPH,,29 DICKENSON RD,"492,500","86,200","289,000",2019-06-26,1.49 A,R
EMORY KRISTINA R,,102 FLOOD RD,"208,200","87,400","300,000",2026-05-18,1.00 A,R
SIKORSKI KATHERINE & TIMOTHY,,227 WEST RD,"438,400","83,000","550,100",2026-08-11,1.25 A,R
KENYON ROBERT M,,27 RIDGEWOOD DR,"448,300","89,000",0,2011-06-29,1.86 A,R
SILVA CARLOS & SARAH L,,34 ROBERTS RD,"458,500","78,600","480,000",2025-10-07,0.79 A,R
DUNAGAN SARAH-ANNA M & JOSHUA A,,58 ISLEIB RD,"365,700","83,600","285,000",2021-02-18,1.03 A,R
FRAIETTA VINCENZO,,12 WILLIAMSBURG RD,"385,500","86,900","150,000",1999-09-30,1.25 A,R
MONDO VINCENT J III,SHELLY A,86 JERRY DANIELS RD,"441,000","88,600","139,000",1999-04-09,1.41 A,R
CANTY MICHAEL 7 LIVESEY MEGAN,,21 ROBERTS RD,"346,100","77,700","354,000",2022-01-28,0.75 A,R
DOOLEY JAMES P,,261 HEBRON RD,"415,900","71,800","185,000",2013-11-01,1.34 A,R
NORTHUP ANDREA & NORTHUP JAMES DALE,,40 PHELPS RD,"332,000","79,800",0,2008-09-12,1.00 A,R
SILVA ELLEN C + JOSEPH L,,54 PHELPS RD,"500,700","154,500",0,2004-12-17,10.59 A,R
GRASSO  JOHN H,,413 JONES HOLLOW RD,"543,300","101,000",0,2022-12-23,3.39 A,R
JACOBS THOMAS D + SUSAN D,,50 MILLSTONE DR,"406,200","90,000","235,000",1988-07-01,1.16 A,R
HOOK CHARLIE & KUSUMA,,40 BULL HILL RD,"636,100","131,900","404,900",2018-05-01,6.62 A,R
SHOREY  PATRICK & MIHRA,,22 EDSTROM RD,"742,600","212,600","675,000",2022-01-27,20.06 A,R
TOTEDO SAMUEL J,,45 JOHNSON RD,"349,100","91,000",0,2008-10-06,2.00 A,R
TUOHEY A TRICIA,,12 KEIRSTEAD CIR,"197,000","58,500","168,000",2020-02-06,0.26 A,R
HAMILTON CASSANDRA J,,28 MYRNA DR,"226,900","63,700",0,2018-02-27,0.63 A,R
DONALDSON DANIEL A,SCHWARZ IRINA,25 BLACKLEDGE DR/N,"382,100","97,900","215,000",2005-08-29,3.80 A,R
AYERS CHARLES W JR + MARLENE S,,65 STAGE HARBOR RD,"516,500","96,900",0,1900-01-01,2.19 A,R
BATES COREY A & BIANCA A,,10 GLENWOOD DR,"369,300","72,200","245,000",2020-08-21,1.00 A,R
HALE NANCY B,FARLEY DAVID B,34 KEIRSTEAD CIR,"344,400","63,800",0,2000-05-31,0.42 A,R
REGISTRE ADELGHANIE,,187 SO MAIN ST,"355,500","86,500","391,000",2025-01-13,1.92 A,R
BUSH LINDSAY J,,88 ROBERTS RD,"278,200","72,700","275,000",2022-10-24,0.50 A,R
TIEDEMAN CHRYSTAL A,,31 ROBERTS RD,"342,400","86,900",0,2023-04-18,1.24 A,R
LAMARCHE BONITA L,,105 SOUTH RD,"270,600","86,100",0,1900-01-01,1.20 A,R
TRAFICANTI WILLIAM D,,18 EDSTROM RD,"500,900","97,000",0,2019-06-03,2.81 A,R
DELAWARE DAYMON,FREDERICKS RENE  J/T,68 HEBRON RD,"203,800","73,900","90,000",2014-09-30,1.50 A,R
NOISET MICHAEL,,10 STANDISH DR,"367,500","87,800","315,000",2021-06-11,1.62 A,R
TRZCIENSKI TORREY B,,20 STAGE HARBOR RD,"414,300","87,800",0,2015-09-08,1.34 A,R
WZIONTKO JANE,CATUCCI KERRINE MARIE,453 JONES HOLLOW RD,"290,500","91,300","252,000",2020-08-27,2.00 A,R
HOLTZ THOMAS & KAITLIN,,81 WEST RD,"107,900","107,900","60,000",2025-05-28,4.65 A,R
TRUGLIO THOMAS M + JOANN M,,74 MILLSTONE DR,"439,400","90,000",0,1900-01-01,1.17 A,R
MURPHY GREGORY & AMY,,111 SO MAIN ST,"362,100","99,800",0,2023-03-03,3.83 A,R
CHMIELEWSKI TODD A + DAWN M,,318 JONES HOLLOW RD,"408,100","78,800","140,000",1993-06-03,1.25 A,R
VASHALIFSKI DENISE,,17 MYRNA DR,"195,400","67,000","103,000",1998-12-14,0.63 A,R
REARDON JAMES & JAYLENE,,15 WALNUT DR,"382,300","135,200","370,000",2023-08-31,1.26 A,R
CHIZ BRIAN  (TRUST COV),,131 WEST RD,"382,300","95,800","330,000",2019-06-25,2.64 A,R
BRINKMAN CYNTHIA D,,136 NO MAIN ST,"889,900","420,000",0,2021-04-14,0.40 A,R
RODRIGUEZ GEORGE I,BRUDZ CHRISTINE J,77 LAUREL LN,"519,000","98,800","287,000",2001-01-03,1.80 A,R
MOODY JAMES J + HEIDI M,,306 JONES HOLLOW RD,"408,800","83,000","157,500",1990-03-01,1.25 A,R
BAILEY NICHOLES & MADISON,,66 SO BUCKBOARD LN,"447,400","93,600","269,000",2020-04-01,1.74 A,R
DANDENEAU STEPHEN J + ENZA V,,73 LAUREL LN,"492,000","102,600","240,000",1988-11-07,2.38 A,R
ULION REVOCABLE LIVING TRUST,,11 STONY BROOK DR,"382,900","92,000",0,2026-02-24,1.63 A,R
COSTA DANIEL J + LISA M,,26 MYRNA DR,"270,100","66,300","87,000",1995-01-05,0.59 A,R
HALL JOSEPH HAINS,,102 SANER RD,"233,200","71,800","235,000",2024-12-27,0.63 A,R
TISCHBEIN ALAN & CAILYN,,36 STONY BROOK DR,"393,800","86,900","292,500",2020-05-21,1.26 A,R
BRATZ ANTHONY & BRIANA,,162 SO MAIN ST,"373,600","71,100","345,000",2022-05-17,1.25 A,R
MULDOON MARC + REBECCA,,21 HEMLOCK DR,"423,900","86,900","201,500",2002-03-28,1.26 A,R
MERCADO SHINEL & MERCADO CHARLES JR,,235 WEST RD,"351,800","83,800",0,2022-03-03,1.34 A,R
BERNAICHE PAUL M + KATHLEEN E,,23 STANDISH DR,"284,700","83,000","125,500",1994-09-15,1.27 A,R
CURTIN ELLEN TRUSTEE OF,,105 DICKENSON RD,"378,600","80,400",0,2015-04-13,1.37 A,R
WIGGINS ROBERT K,,22 FLOOD RD,"385,400","81,800","135,000",1993-11-18,2.06 A,R
UUS REET & PETER H,,23 WALNUT DR,"343,000","83,000",0,2014-05-12,1.26 A,R
SPILLER ROBERT L,PARSLEY JAMES R,147 HEBRON RD,"505,600","92,200","289,000",2017-08-08,5.10 A,R
WILSON PATRICIA H,,30 DENLER DR,"351,600","81,100","164,000",1987-08-10,0.90 A,R
PARAGONE LISA,,21 DENLER DR,"336,000","80,300",0,2021-01-11,0.85 A,R
LACOURCIERE KAILE L,,107 JONES HOLLOW RD,"235,400","64,600","113,820",2013-11-01,0.45 A,R
VAIL DAVID B + DAPHINE E,,21 DEER RUN,"348,100","86,900",0,1900-01-01,1.25 A,R
ABRAHAMSON RYAN & CHRISTINA,,47 SO STONY BROOK DR,"448,800","90,900","250,000",2018-12-10,1.25 A,R
PARDA-ZIOLKO CAROL,ZIOLKO JOHN,97-99 STAGE HARBOR RD,"384,400","88,600",0,2022-03-30,1.37 A,R
KNOPF LUCAS,,156 FLOOD RD,"395,000","125,800","341,000",2021-10-19,6.35 A,R
BLANCO JOSEPH M & BARBARA M,,65 LAUREL LN,"490,600","90,000","385,000",2006-04-04,1.19 A,R
WILSON COLIN A + BEVERLY J,,109 PETTENGILL RD,"283,300","69,900","192,500",2000-07-03,0.30 A,R
BRAINARD JAKE & CHIAPONNI OLIVIA,,100 JONES HOLLOW RD,"283,500","101,300","270,000",2022-08-29,4.04 A,R
KNAACK KENNETH E,MATHEWS LAURA M,2 CHAPMAN RD,"487,100","75,000","267,500",1988-03-16,0.78 A,R
MONTALTI FRANK J + IRENE B,,28 LAUREL LN,"530,100","92,600","218,500",1993-07-29,1.37 A,R
VALVO FRANK J & CHURCHILL-VALVO JANE A,TRUSTEES OF FJVALVO LIVING TRUST,6 DEER RUN,"342,400","90,300",0,2008-10-07,1.50 A,R
FIEFFER AMANDA LYN,,41 MILLSTONE DR,"426,600","106,800","370,000",2021-01-11,2.98 A,R
NARDONE CHRISTOPHER,,17 EAGLE ROCK TRL,"514,800","98,800","322,500",2015-12-16,1.80 A,R
VILLAR JOSEPH L JR & CARRIE LYN,,336 JONES HOLLOW RD,"381,200","83,000",0,2018-09-04,1.26 A,R
GRIMM  DONNA T,,59 CHENEY RD,"1,000,700","445,000",0,2026-02-12,0.60 A,R
CATARIUS BRIAN,ZUCKER SARAH,106 SOUTH RD,"402,500","118,900","375,000",2024-10-31,5.36 A,R
LUNDIE EMILY ANNE & WILLIAM J,,64 PARK RD,"418,200","90,200","365,000",2021-08-02,1.84 A,R
ANDERSON KAI M,,116 SANER RD,"328,200","83,000","217,500",2013-06-11,1.25 A,R
SWISTON STEVEN C,,5 BLISH RD,"267,900","106,400","150,000",1992-10-29,4.74 A,R
WRIGHT PATRICK & ASHLEY,,11 HERITAGE DR,"511,400","98,800","560,000",2024-06-14,1.84 A,R
KURLAND KATHLEEN TRUSTEE,,22 STONY BROOK DR,"497,400","90,300",0,2009-03-04,1.49 A,R
CROCKETT JON R,,6 PARKER RD,"315,300","91,000","170,000",2018-10-24,1.95 A,R
GROAT JACK,,68 PARK RD,"515,700","162,500","309,900",2020-02-19,16.04 A,R
MCLEOD CHRISTOPHER ALLEN,,132 SANER RD,"294,600","83,000","169,000",2013-05-22,1.25 A,R
JOHNSON JOSEPH,JACOB JALEENA,57 HEBRON RD,"503,000","79,700","480,000",2024-05-01,2.18 A,GC
COFFEY PATRICK + ELENA S,,45 SO BUCKBOARD LN,"546,200","96,700","232,000",1996-02-27,2.15 A,R
SCHAD TOBIAS,,141 CHAPMAN RD,"575,500","234,700","229,000",2021-03-08,25.26 A,R
PATTON BRENDAN M & MOLLY J,,13 MYRNA DR,"307,500","66,300","325,000",2025-09-26,0.58 A,R
WALKER LINDA J + JOHN H,,20 GLENWOOD DR,"242,600","69,900",0,1900-01-01,0.70 A,R
MADORE COLLIN & RHOADES  DELANEY,,42 PORTLAND RD,"311,200","101,100","280,000",2021-12-03,3.40 A,R
7 INDEPENDENCE DRIVE LLC,,7 INDEPENDENCE DR,"444,300","122,400",0,2018-04-25,1.15 A,GC
ROBINSON BRIAN A + LAURA J,,109 FLOOD RD,"304,200","85,700","144,000",1994-09-16,0.92 A,R
BEHUNIAK JONATHAN,,182 WEST RD,"419,700","85,400","465,000",2024-05-13,1.42 A,R
PATTERSON ANDREW M & NICOLE M,,78 CHAPMAN RD,"488,000","115,600","436,000",2024-06-11,5.64 A,R
FEYK IAN JACOB,TSETSI KRISTEN JANE,34 HEMLOCK DR,"437,200","86,900","365,000",2020-08-31,1.26 A,R
GERMANOVYCH TARAS,,61 LAUREL LN,"405,900","96,100","297,000",2014-07-29,1.64 A,R
GAUDETTE MICHAEL E & BARBARA R,,11 STURBRIDGE RD,"358,200","86,900","280,000",2016-07-28,1.25 A,R
WARD WILLIAM J + NANCY A,,38 SO STONY BROOK DR,"501,400","90,900",0,1900-01-01,1.26 A,R
RADIANCE REALTY LLC,,61 ISLEIB RD,"380,400","86,900","296,000",2025-12-19,1.26 A,R
PETERSEN THOMAS E,,146 SANER RD,"408,500","93,700",0,2023-03-14,2.34 A,R
CALLAHAN AMY M,KERN CHRISTOPHER J    J/T,11 RIVERVIEW CIR,"555,900","94,500","360,000",2018-01-29,1.84 A,R
WARGO ROBERT J,FITTON PATRICIA A,19 LAKERIDGE DR,"620,700","352,500",0,1900-01-01,0.76 A,R
KIERNAN PATRICK & ERIN,,60 SO BUCKBOARD LN,"391,800","91,100","295,000",2012-05-16,1.56 A,R
COOKE ADAM,,10 ISLEIB RD,"326,900","107,900","370,000",2026-06-15,4.40 A,R
HEPP BETHANY,,66 SOUTH RD,"355,000","88,600","210,000",2016-06-20,1.40 A,R
WASZKELEWICZ MICHAEL J,,187 JONES HOLLOW RD,"381,400","86,000",0,1900-01-01,1.86 A,R
WALAWALKAR ASHISH V,,152 WEST RD,"395,300","82,200","316,500",2020-09-16,1.22 A,R
TROIANO ERICA J & EMILIO,,47 WEST RD,"389,800","79,800","210,000",2017-02-14,1.00 A,R
PORTER JEANNE L,,32 HICKORY RD,"246,500","66,100",0,1900-01-01,0.50 A,R
FLIPMAR LLC,,60 SO MAIN ST,"205,200","103,400","159,900",2005-05-11,2.97 A,GI
WATKINS LEROY + PATRICIA,,130 JONES HOLLOW RD,"323,500","82,100",0,1992-06-02,1.53 A,R
VILLAR NATALIE,,8 MYRNA DR,"316,100","67,800","340,000",2023-04-19,0.64 A,R
NICHOLS EUGENE GRANT III,,27 HICKORY RD,"222,800","76,800","80,000",1991-09-06,1.05 A,R
WEBER JOSEPH M + PAULA,,29 EDSTROM RD,"468,800","103,100",0,2000-01-03,4.01 A,R
OCONNELL JOAN,,4 HALL TRL,"352,600","100,100",0,2015-10-01,0.26 A,R
WILINSON MARCUS D REVOCABLE TRUST,,69 LAKERIDGE DR,"716,200","418,000",0,2024-06-20,0.56 A,R
BRAY JOHN T + DIANE S,,73 JOHNSON RD,"411,900","93,900",0,1900-01-01,2.37 A,R
RASIMAS RICHARD P + GLORIA P,,17 KEIRSTEAD CIR,"229,200","65,400","105,000",1992-07-02,0.46 A,R
YUILLE JORDAN,,20-22 BLACKLEDGE DR/N,"360,900","62,600","225,000",2018-02-09,0.40 A,R
WEINER NANCY M,,15 STURBRIDGE RD,"336,800","86,900",0,2017-01-09,1.25 A,R
PROVERO ALDO P JR  REVOCABLE TRUST,,38 ISLEIB RD,"355,500","83,600",0,2026-08-10,1.00 A,R
HERPST CAROLYN V,,26-28 PORTLAND RD,"326,400","84,600","205,000",2012-10-05,1.37 A,R
REYNOLDS BARBARA B,,84 SANER RD,"360,600","75,000","220,000",2010-10-08,0.78 A,R
VILLAR THOMAS A & ALLISON T,,79 CHAPMAN RD,"585,000","116,500","450,000",2023-05-17,4.99 A,R
KAPLAN COLEEN & JOHN,,17 COLEMAN LN,"571,700","405,000","470,000",2022-09-19,0.32 A,R
DECORLETO MICHAEL A + KAREN E,,26 DENLER DR,"317,300","82,800","299,000",2004-12-20,0.95 A,R
BAILEY RICHARD R SR + JOYCE M,,8 RIDGEWOOD DR,"409,800","91,800","183,000",1993-08-24,1.29 A,R
2ND CHANCE HOMES LLC,,61-63 SO MAIN ST,"301,700","115,300","260,000",2023-10-23,7.50 A,R
NORMAN B KELLY W BEAUDRY A,,52 NO MAIN ST,"357,600","86,100",0,2021-05-03,1.20 A,R
KRASNOSHCHEK ALEX & NIKOLAY,VLASOVA MARINA,85 JOHNSON RD,"262,900","71,000","196,941",2007-01-11,0.60 A,R
LAGONICK CELESTE A,,115 FLOOD RD,"262,300","130,400",0,2008-12-19,6.40 A,R
SHERRY ZACHARY J,WINKELER LINDSAY,8 BLACKLEDGE DR/N,"443,900","67,800","295,000",2011-10-03,0.65 A,R
MACGRANER KEVIN S,,219 SOUTH RD,"328,700","81,800","239,000",2002-08-12,1.17 A,R
DEL VALLE ANDRES,,215-217 SO MAIN ST,"371,800","87,000","220,000",2021-02-01,2.00 A,R
MARLBOROUGH TOWN OF,,STANDISH DR,"6,900","6,900",0,1900-01-01,0.34 A,R
MUIR NANCY M,,159 CHENEY RD,"498,900","114,400","540,000",2020-04-13,0.55 A,R
PRYOR LAURENCE M T,,421 JONES HOLLOW RD,"265,300","83,000","130,000",1994-03-01,1.25 A,R
BARCLAY MARY,,363 SO MAIN ST,"400,900","92,000","265,000",2020-04-03,1.63 A,R
KONOVALOV ALEXANDER,LIUBENCO ECATERINA,56 KELLOGG RD,"422,500","95,200","310,000",2020-09-25,1.94 A,R
RAMOS KARINA L + MARIO C,,191 FLOOD RD,"350,300","102,100",0,2021-06-03,2.92 A,R
LANGLOIS RAYMOND II + SACHIYO,,65 SOUTH RD,"284,100","86,900","285,000",2005-08-11,1.26 A,R
ROHLAND WILLIAM & KATELYN,,69 ROBERTS RD,"410,400","86,100","442,000",2025-06-18,1.17 A,R
MCKINNEY JEFFREY J & SUSAN,LEHMANN FRED JR,51 HODGE RD,"410,000","90,700",0,2011-08-02,1.98 A,R
MCMAHON RICHARD R,FULLER-MCMAHON CARRIE,59 LAKERIDGE DR,"937,700","472,500","585,000",2017-04-04,1.34 A,R
DOWLING KEVIN J,,33 WEST RD,"303,100","106,400","209,900",2018-04-09,4.16 A,R
MICHAUD STEVEN J,,85 JONES HOLLOW RD,"376,000","86,500","310,000",2022-11-01,1.92 A,R
PRUCNAL STEPHAN D,,7 SANDY LN,"370,600","86,400",0,1992-01-13,1.25 A,R
MORRISSEY KIMBERLEE + DUTTON ROBERT B,,64 ISLEIB RD,"464,700","85,300","205,000",1996-04-30,1.10 A,R
PROVERO ALDO P JR  REVOCABLE TRUST,,38 ISLEIB RD,"355,500","83,600",0,2026-08-10,1.00 A,R
HARPER CHARLES G + JUANITA,,37 STONY BROOK DR,"410,400","86,900",0,1900-01-01,1.25 A,R
CLEMENT MARK R SR,,116 CHENEY RD,"370,000","136,500","220,000",2018-10-09,1.35 A,R
HARMON STEVEN E & LORI L,,67 PARK RD,"582,300","69,400","409,000",2016-10-04,0.50 A,R
BRAULT GEORGE HENRY IV,,176 WEST RD,"83,800","83,800","137,500",2019-01-11,1.29 A,R
THOMPSON DAVID J & PAMELA J,,43 LAKERIDGE DR,"854,700","391,000","725,000",2018-05-29,0.71 A,R
WOERLE RICHARD,,14 RIVERVIEW CIR,"454,300","98,500",0,2019-08-05,2.41 A,R
DOYLE WAYNE & DAWN,,255 HEBRON RD,"407,900","73,900",0,2025-07-23,1.49 A,R
KOROPATKIN ADAM M,,42 STAGE HARBOR RD,"320,500","86,900",0,2025-12-04,1.26 A,R
WOLLASTON ANTHONY D II + JOAN E,,16 SO STONY BROOK DR,"365,900","90,900",0,1900-01-01,1.26 A,R
NOVAK ALEXANDRA,,113 HEBRON RD,"254,800","80,900","182,000",2020-08-04,2.35 A,R
CLEMENS KAREN N + JOSEPH W JR,,47 JOHNSON RD,"421,100","82,200",0,1997-01-30,1.17 A,R
WRIGHT FLORENCE,,329 JONES HOLLOW RD,"270,300","79,800",0,1900-01-01,1.00 A,R
LYNCH STEPHEN C JR + DEBRA A,,23 BUCKBOARD LN,"427,000","83,800","159,000",2000-04-17,1.33 A,R
WURSTHORN PETER A + ANNE C,,8 SANDY LN,"345,300","87,200",0,1900-01-01,1.32 A,R
GONZALEZ MARCEL J & VENESSA A,,111 JERRY DANIELS RD,"389,300","86,900","300,000",2020-09-16,1.26 A,R
RADICAN TERRENCE J + SHARLENE M,,48 ROBERTS RD,"347,600","80,300","127,000",1995-06-15,0.86 A,R
SAKOWSKI JEFFREY M,,14 CHENEY RD,"301,900","122,200","117,000",1993-10-19,0.77 A,R
GRANT WILLIAM E,,94 JERRY DANIELS RD,"361,300","89,500","155,000",1999-01-29,1.43 A,R
YORK TIMOTHY J,,58 JOHNSON RD,"339,100","81,400",0,2023-08-07,1.15 A,R
LAURIA CHRISTOPHER,ANDRASIK JESSICA,20 HICKORY RD,"236,300","70,700","134,000",2012-12-20,0.75 A,R
GRANATINI CHRISTOPHER O,,16 WASHINGTON RD,"380,900","62,700","280,000",2020-08-17,0.23 A,R
FAZIO MICHAEL JOHN,,70 JOHNSON RD,"214,700","83,800","110,000",2005-07-18,1.30 A,R
DACRUZ CARLOS,DARCRUZ ERIN,181 PAPERMILL RD,"527,900","98,600","365,000",2019-11-18,2.42 A,R
WALKER R SCOTT & EMILY P,,185 PAPERMILL RD,"764,600","114,500","145,000",2012-03-08,4.69 A,R
TEREZAKIS ANN TR,,333 JONES HOLLOW RD,"311,700","97,100",0,2021-09-28,2.83 A,R
MONTGOMERY AMY,DEFELICE AUDRA,23 PARKER RD,"333,400","86,200","380,000",2025-04-10,1.50 A,R
KRAMER JASON & REBECCA,,27 STONY BROOK DR,"440,300","86,900","255,000",2021-11-11,1.25 A,R
MONTALTI IRENE B,BRUDZ CHRISTINE J,37 SO BUCKBOARD LN,"415,300","90,300","180,000",1999-10-05,1.53 A,R
DOWLING ERIC F,,18 SCHOOL DR,"280,000","73,000","265,000",2023-12-21,0.83 A,R
PIEL TAMMY M,,55 SOUTH RD,"538,500","88,600",0,2025-08-04,1.40 A,R
SHANDRA FREDERICK J + MARY ANNE,,346 SO MAIN ST,"282,400","77,700","138,000",1997-09-02,0.75 A,R
URBAN CHILDRENS TRUST,,10 WASHINGTON RD,"236,200","64,400",0,2023-12-18,0.26 A,R
MCCARTHY COLIN & LINDSEY,,23 MAYFLOWER RD,"579,200","88,800","635,000",2025-05-01,1.45 A,R
CABRAL KATHLEEN,,70-72 STAGE HARBOR RD,"362,800","86,600",0,2023-03-13,1.55 A,R
DALKOWSKI BRUCE ANDREW,,66 WEST RD,"522,400","81,400","365,000",2023-03-01,1.15 A,R
MORIN ROLAND A & RAYMOND A,,78-80 STAGE HARBOR RD,"449,900","83,600",0,2005-12-06,1.00 A,R
PIPER JUSTIN & CHRISTA R,,43 DICKENSON RD,"391,100","87,800","285,000",2014-10-17,1.63 A,R
JOHNSON JEFFREY G & NICHOLE C,,70 SO BUCKBOARD LN,"474,600","92,000","417,450",2007-08-02,1.65 A,R
NADEAU EDWIN III,,JERRY DANIELS RD,"3,024,400","3,024,400","481,000",2022-05-10,481.30 A,R
ZIELKE MICHAEL J  ESTATE,,36 DEER RUN,"404,600","87,800",0,2026-02-17,1.29 A,R
MARLBOROUGH TOWN OF,,HICKORY RD,"13,600","13,600",0,1900-01-01,1.95 A,R
CURTISS CHRISTOPHER S,,35 HICKORY RD,"294,400","77,500","195,000",2010-06-15,1.10 A,R
ZIGMUND CLAUDINE + ANDREW,,54 FINLEY HILL RD,"355,000","84,600","225,000",2003-10-27,1.39 A,R
THROME TODD A,ROGOWSKI SUSAN E,32 MYRNA DR,"254,500","73,700",0,2023-08-28,0.98 A,R
CRONIN BRIDGET,JAKOS AARON,56 ROBERTS RD,"344,200","85,300","232,000",2024-02-04,1.11 A,R
ADVANTAGE PROPERTIES LLC,,73 NO MAIN ST CELL,"1,760,400","1,750,900",0,2019-05-06,5.74 A,R
LARKIN MICHAEL  A,,7 STONY BROOK DR,"427,000","91,100",0,2020-12-20,1.58 A,R
KNOX JAMES,,378 JONES HOLLOW RD,"572,700","90,200","847,923",2025-08-07,1.84 A,R
EKSTOWICZ PAUL & EKSTOWICZ JENNIFER,,17 LAFAYETTE RD,"484,500","66,900","495,000",2022-03-10,0.31 A,R
SHELDON MARYBETH,KING DAVID,16 STURBRIDGE RD,"363,100","86,900","282,500",2019-07-10,1.25 A,R
ZIRKENBACH CARL (EST OF),,43-53 NO MAIN ST,"1,752,400","222,300",0,2018-07-23,7.75 A,CG
SCHADTLE NICHOLAS & PHILIP,,251 WEST RD,"483,900","90,300",0,2017-05-15,1.85 A,R
DONNELLY DAVID & MEGAN,,59 KELLOGG RD,"595,700","96,700","725,000",2024-08-21,2.16 A,R
HURLEY JAMES P + SUELLYN,,86 DICKENSON RD,"407,300","106,700","253,000",2002-07-31,4.84 A,R
BRYSGEL ETHAN,,173 PAPERMILL RD,"678,300","102,200","170,000",2010-01-04,3.72 A,R
CASAMENTO JOHN & CHARLENE,,37 SANER RD,"504,300","75,800","483,000",2023-03-13,1.00 A,R
ANDERSON TAYLOR & JENNIFER,,21 SANER RD,"524,700","78,100","541,000",2024-11-15,1.17 A,R
BARONE PETER J & JENNIFER C,,21 MILLSTONE DR,"513,600","90,000",0,2008-03-26,1.16 A,R
GRAN JARRATT B & ELIZABETH,,27 SANER RD,"514,000","83,000","524,000",2024-01-03,1.25 A,R
JONES HOLLOW ASSOCIATES LLC,,370 JONES HOLLOW RD,"1,112,100","114,600",0,2003-04-21,4.66 A,R
COLLETTE DANIEL & AMY,,35 SANER RD,"419,900","75,800","433,534",2022-03-18,1.02 A,R
GILMAN MICHAEL & sALLIE,,39 SANER RD,"547,400","83,000","510,750",2023-10-27,1.23 A,R
GOODALE  ARTHUR K JR,,25 PHELPS RD,"397,300","134,200","225,000",2022-02-10,9.31 A,R
ADAMS LEONARD,CAMERON SANDRA,27 BULL HILL RD,"529,900","114,800","565,000",2023-06-27,4.12 A,R
MEJIA RAFAEL,,180 FLOOD RD,"542,900","93,600","475,000",2021-04-28,1.76 A,R
YANG CHI YU,,26 BLISH RD,"327,500","94,900","360,000",2024-01-02,3.19 A,R
MARLBOROUGH TOWN OF,,BROOK CROSSING,"147,900","147,900",0,2001-10-17,5.65 A,R
KARPUSKA KENNETH D + POIROT CAROL E,,22 BLISH RD,"319,800","91,200","121,900",1996-01-09,2.83 A,R
HESLIN MATTHEW M,,18 BLISH RD,"440,400","91,800",0,2012-01-09,2.07 A,R
BLISH DAVID M,,34 BLISH RD,"464,800","106,800","135,000",1997-02-21,5.00 A,R
TROWBRIDGE JASON ROBERT,,30 BLISH RD,"322,800","93,500","310,000",2021-12-11,3.72 A,R
VETURIS ANTHONY & BRIDGET,,109 EDSTROM RD,"511,900","107,600","580,000",2025-07-18,3.09 A,R
THOMPSON WESLEY KEITH & BETH L,,42 VIRGINIA RAIL DR,"740,000","109,200","816,000",2025-01-31,1.85 A,R
STOKOE KELLY J,,9 VIRGINIA RAIL DR,"523,500","109,800",0,2015-03-23,1.94 A,R
DJC HOLDINGS LLC,,370 NO MAIN ST,"1,011,400","127,300",0,2009-08-19,4.52 A,DBIZ
BENEDETTO JOHN L & CHERYL D LIVING TRUST,,32 VIRGINIA RAIL DR,"647,100","109,100",0,2023-08-23,1.84 A,R
106-108 SANER ROAD LLC,,106+ SANER RD,"213,900","74,200",0,2023-02-06,0.75 A,R
CAVALIERE MARY F + CARL A,,17 VIRGINIA RAIL DR,"719,100","112,100","84,500",1994-08-29,2.31 A,R
MAGRO SUBBY S + JENNIFER L,,19 VIRGINIA RAIL DR,"932,800","145,000","110,000",2003-09-02,9.30 A,R
TERRY KENNETH & JOAN TR TERRY,,23 VIRGINIA RAIL DR,"691,700","115,400",0,2021-06-03,2.74 A,R
MUND GARY + DEBORAH,,15 WALKER LN,"392,500","76,900","160,000",1988-06-02,0.55 A,R
LODYKO JOSEPH + ELAINE,,31 VIRGINIA RAIL DR,"572,000","109,600","66,000",1987-09-14,1.91 A,R
BONAPARTE VINCENT,SANCLEMENTE NICOLE,27 VIRGINIA RAIL DR,"629,500","111,600","740,000",2026-09-01,2.20 A,R
ARNOLD CORY AND ADAM,,39 VIRGINIA RAIL DR,"565,600","120,200","600,000",2024-10-22,3.42 A,R
CAMPBELL DAVID JOHN & HEIDI LYNN,,41 VIRGINIA RAIL DR,"506,000","121,700","393,000",2008-07-17,4.09 A,R
ZAMMITTI DAWN + MICHAEL,,57 VIRGINIA RAIL DR,"536,300","109,400","240,000",1992-03-02,1.88 A,R
BRUSH COREY A & CHRISTINE A,,45 VIRGINIA RAIL DR,"651,900","109,100","430,000",2016-07-05,1.84 A,R
GATTO STEPHEN M & MEAGHAN E,,12 VIRGINIA RAIL DR,"531,600","102,300","370,000",2017-02-06,1.38 A,R
PINEDA DANIEL,SALAVARRIETA XIOMAIRA,54 VIRGINIA RAIL DR,"504,500","102,300","405,000",2019-06-03,1.38 A,R
AYER NICOLAS & TABITHA,,53 VIRGINIA RAIL DR,"524,400","105,200","390,000",2020-07-16,1.57 A,R
TOLHURST VICKI E & BRUCE    J/T,,16 VIRGINIA RAIL DR,"531,300","109,100",0,2014-01-29,1.84 A,R
CHING GILBERT,DYQUIANGCO RACHELLE,8 VIRGINIA RAIL DR,"593,900","102,300","440,000",2014-06-09,1.38 A,R
MARCIN JOHN J + JEANINE D,,50 VIRGINIA RAIL DR,"643,200","109,100","256,000",1997-11-17,1.84 A,R
SCANLON PATRICK B + SHARON M,,49 VIRGINIA RAIL DR,"649,200","110,400","90,000",1987-09-15,2.02 A,R
FUSCO DOMINIC L III + DAWN M,,35 VIRGINIA RAIL DR,"610,700","109,100","397,500",2004-04-26,1.84 A,R
D-ZONE REALTY LLC,,152 HEBRON RD,"461,600","93,300","285,000",2004-08-20,1.38 A,GC
GUZMAN WILLIAM D + SHEILA P,,11 VIRGINIA RAIL DR,"517,100","109,800","222,000",1994-05-06,1.94 A,R
KAPAREIKO MICHAEL V & MELANIE R,,197 FLOOD RD,"463,600","94,600","473,000",2021-09-07,1.85 A,R
LABELLA JOSEPH A + IRENE C,,58 VIRGINIA RAIL DR,"555,000","102,300",0,2001-12-14,1.38 A,R
FOWLER JAMES R JR TRUSTEE,,201 FLOOD RD,"580,900","98,700",0,2024-07-25,2.44 A,R
CLICHE REJEAN + LISE,,205 FLOOD RD,"478,000","97,600","42,500",1994-01-14,2.28 A,R
MCGAUGHEY GARY E + FRANCINE L,,209 FLOOD RD,"406,000","96,500","83,000",1987-09-14,2.12 A,R
ONEIL MICHAEL J + KATHLEEN D,,221 FLOOD RD,"573,300","108,200","213,500",1997-09-05,3.80 A,R
TIPPING JOHN H & CINDY,,229 FLOOD RD,"496,200","112,800","453,000",2021-06-28,4.46 A,R
BELISLE PAUL,,27 LAUREL LN,"653,300","113,400","535,000",2021-06-10,3.92 A,R
DREXLER PAUL F + ELLEN Z,,213 FLOOD RD,"493,100","104,700",0,2003-10-16,3.29 A,R
CROWLEY RYAN,PALMER RYLAN E,28 PARKER RD,"308,200","103,900","218,000",2010-09-15,3.90 A,R
SERVODIDIO GREGORY F + CAMILLE A,,19 GINA LN,"615,900","98,700","330,000",1998-12-14,1.96 A,R
GOODE JOANNE & PETER,,23 GINA LN,"662,700","99,300",0,2025-02-18,2.06 A,R
FLETCHER MATTHEW & MICHELE,,9 GINA LN,"531,500","96,700","450,000",2023-12-29,1.40 A,R
SERVODIDIO GREGORY F + CAMILLE A,,15 GINA LN,"99,200","99,200","72,500",2000-08-15,2.05 A,R
PARKER ROGER,KERRIGAN KATHLEEN,32 RIDGEWOOD DR,"503,400","93,800","345,000",2004-08-31,1.84 A,R
HAINES JOHN G + SANDRA A,,125 JERRY DANIELS RD,"522,300","94,600","65,000",1987-01-30,1.85 A,R
WALLS IAN,JONES MAKAYLA,43 PHELPS RD,"365,300","78,200","407,500",2025-08-11,0.91 A,R
BRUSH TYLER JOHNSON & BLACKMAN MARY,,24 GINA LN,"683,100","96,700","525,000",2021-03-11,1.40 A,R
BARBOSA VIVIANA & ALEXIS,,16 GINA LN,"545,300","97,600","450,000",2023-11-21,1.44 A,R
CATANA PETER D & LEVESQUE CATANA COLETTE,,20 GINA LN,"510,100","97,600",0,2022-02-19,1.44 A,R
JEFFREY & HELEN YOUNG,,8 GINA LN,"525,400","103,100","425,000",2021-05-11,1.84 A,R
WAHL ROBERT,ADAMS ELAIN,17 JAMES LN,"508,700","98,800","550,000",2025-10-27,1.84 A,R
CAFAZZO DEVON M & KATHRYN E,,11 JAMES LN,"490,300","98,800","335,000",2015-10-30,1.84 A,R
FREITAS ELIZABETH + JOSEPH E,,44 FINLEY HILL RD,"413,800","97,300",0,1999-03-22,2.86 A,R
ROGERS ROBERT E,,36 JAMES LN,"456,600","102,900",0,2003-09-05,2.43 A,R
GUTT DANIEL M + LAURA LEE,,21 JAMES LN,"591,800","98,800","53,900",1986-12-10,1.84 A,R
SMIGALA KYLE R & STEPHANIE G,,34 JAMES LN,"745,600","96,100","420,000",2016-08-01,1.67 A,R
BOUDREAU MICHELLE M,,37 JAMES LN,"683,100","140,900","425,000",2016-07-01,7.92 A,R
FLETCHER JEFFREY & FARRIS SHAUNA,,31 JAMES LN,"465,300","100,600","379,125",2022-03-18,2.10 A,R
TARKA LORI A,,4 GINA LN,"634,300","109,700",0,2002-01-15,3.02 A,R
ALSHAWABKEH MAZEN,PELKEY SANDRA,26 JAMES LN,"631,500","100,300","400,000",2020-07-06,2.05 A,R
HEINLY JASON,ORTEGA HEINLY NASTASSJA,3 GINA LN,"542,600","96,700","360,000",2015-07-21,1.39 A,R
RIZZA JOHN N + JENIFER B,,51 EMILY RD,"522,700","104,100","265,000",1997-09-16,1.98 A,R
REED BRYCE,MARDIROSIAN RACHAEL,53 EMILY RD,"506,000","142,100","365,000",2020-08-20,13.22 A,R
BENTRUP WILLIAM E + DEBORAH V,,22 JAMES LN,"651,000","102,200","323,000",1998-07-01,2.32 A,R
ANDREWS PAUL B,,15 EMILY RD,"535,700","103,100","339,000",2014-08-25,1.84 A,R
RYAN PATRICK J + KOREEN L,,12 EMILY RD,"567,300","106,000","250,000",1998-09-01,2.25 A,R
WESELY J OLEH & LUBA  IRREVOCABLE TR,,7 JAMES LN,"576,100","103,500",0,2026-07-02,2.51 A,R
LEVIN BENJAMIN,HOLDEN ANNA,41 EMILY RD,"576,100","103,800","355,000",2012-12-05,1.94 A,R
VROOMAN FAMILY LIVING TRUST,,47 EMILY RD,"657,300","141,600",0,2024-04-16,8.02 A,R
CAVANNA CHERI M,,45 EMILY RD,"505,600","103,100","325,000",2002-05-31,1.84 A,R
PENSAK ROBERT A,,7 EMILY RD,"465,900","104,400",0,2014-02-04,2.03 A,R
NUNEZ ELSA,WORMACK ANTONY L   J/T,21 EMILY RD,"564,500","107,400",0,2014-01-10,2.46 A,R
ALBERT YVELINE V,,46 WEST RD,"391,100","81,900",0,2007-05-30,1.50 A,R
WATROUS ERIC & KELLY,,32 EMILY RD,"465,700","103,200","327,500",2018-05-22,1.86 A,R
ZULLO JAMES,,44 SO BUCKBOARD LN,"385,700","87,800","340,000",2022-01-26,1.29 A,R
WHARTON DEBRA,,8 EMILY RD,"551,000","105,600",0,2013-12-16,2.20 A,R
MAHON ALLISON H & MICHAEL F,,36 EMILY RD,"627,700","103,200","439,900",2020-10-22,1.86 A,R
MURPHY D GREGORY & CAROL A,,44 EMILY RD,"559,200","105,400","119,500",2015-07-20,2.17 A,R
MORFORD STEPHEN A,,24 EMILY RD,"538,000","140,100","257,000",1999-06-24,12.62 A,R
HAMILTON JOHNNA & HAMILTON ROBERT,,46 EMILY RD,"518,900","115,400","468,000",2022-03-23,4.19 A,R
MARLBOROUGH TOWN OF,,HUNTER RIDGE RD,"123,200","123,200",0,1989-05-11,10.46 A,R
DANG PING + WANG QI,,20 EMILY RD,"518,400","106,700","254,000",1999-11-22,2.36 A,R
GHUKASYAN ARUSYAK,WYBERANEC KURT,33 BULL HILL RD,"559,400","99,900","381,500",2019-03-18,2.00 A,R
ROMAN JESUS,,28 EMILY RD,"513,200","92,900","410,000",2020-10-14,1.86 A,R
BROWN JOHN J JR + RHONDA,,179 FLOOD RD,"447,800","88,600","29,900",1900-01-01,1.41 A,R
LAMMEY STEVEN & SUSAN,,50 EMILY RD,"571,400","103,600","590,000",2022-08-29,1.91 A,R
DANTONIO ALBERT,,28 LEWIS RD,"548,500","103,200",0,2013-03-14,1.86 A,R
KOUSEN KENNETH A + VIRGINIA L,,11 EMILY RD,"504,500","104,000","370,000",2004-07-27,1.97 A,R
RAYMOND KEVIN L + NATALIE,,40 EMILY RD,"560,800","104,200","273,000",1994-09-30,2.00 A,R
YERUKHIMOVICH ILIYA B & LILLIAN N,,4 LEWIS RD,"662,300","132,600","425,000",2018-05-22,6.09 A,R
LASARACINA CHRISTOPHER & AMANDA,,8 LEWIS RD,"813,600","112,800","875,000",2026-07-17,3.23 A,R
FLEMING NATHANIAL T N & MARIAH I,,32 LEWIS RD,"560,800","97,900","520,000",2022-06-18,1.84 A,R
RAYMAN ANDREW & SARA,,20 LEWIS RD,"760,400","103,100","685,000",2021-08-17,1.84 A,R
PESCO KYLE,COLONNA,23 LEWIS RD,"509,200","141,900","515,000",2025-10-21,7.44 A,R
PEREZ JEFFREY W,DIAZ LOURDES H,24 LEWIS RD,"606,900","103,200","399,000",2017-10-31,1.85 A,R
CAMPBELL ANDREW T & MARILYN P,,21 LEWIS RD,"596,600","103,100",0,2020-04-22,1.84 A,R
TSIKRIKIS DAMIANOS V,,17 LEWIS RD,"689,500","155,400","18,000",1998-11-19,9.39 A,R
WALLER MARK W REVOCABLE TRUST,,4 EMILY RD,"529,900","105,100","538,000",2023-08-14,2.12 A,R
MONDRACH STEPHEN H + BARBARA E,,11 LEWIS RD,"628,000","114,200","62,000",2000-12-04,3.43 A,R
MARLBOROUGH TOWN OF,,3 WILHENGER DR,"450,800","98,900",0,1998-11-02,1.85 A,R
MISTO MARK & JAMIE,,16 EMILY RD,"579,100","106,500","605,000",2025-05-21,2.32 A,R
FERRAGAMO MATHEW J & OLIVIA M,,24 WILHENGER DR,"546,000","69,300","435,000",2024-09-03,1.87 A,R
HOLCOMB JENNIFER L,BYTAUTAS DUSTIN K,15 LEWIS RD,"657,100","103,500","420,000",2018-10-01,1.89 A,R
DANGELO DOMENIC,,20 WILHENGER DR,"724,600","69,100","50,000",2013-01-14,1.84 A,R
HIGHLANDER INVESTMENT GROUP LLC,,19 WILHENGER DR,"85,500","85,500",0,1995-08-29,3.47 A,R
READ DOUGLAS & KATHRYN,,16 LEWIS RD,"618,700","104,300","393,000",2016-11-18,2.01 A,R
VALLERA STEVEN G,,41 PORTLAND RD,"424,800","96,900","275,000",2016-12-06,2.80 A,R
SLYK PIOTR & IWONA     JT/,,8 WILHENGER DR,"501,900","69,100","262,000",2012-10-25,1.84 A,R
HIGHLANDER INVESTMENT GROUP LLC,,25 WILHENGER DR,"72,100","72,100",0,1995-08-29,1.66 A,R
MARASIOTIS KOSTAS & IRENE   J/T,,16 WILHENGER DR,"562,100","83,900","92,500",2009-09-16,1.84 A,R
KLEYKAMP  DESIREE,KLEYKAMP TYLER JAY,10 SHERWOOD LN,"467,100","87,800","345,000",2020-09-29,1.32 A,R
MINER KAROLYN,,14 SHERWOOD LN,"498,100","93,600",0,2024-09-20,1.75 A,R
OM VILLAGE LLC,,1-3-5-7 SO MAIN ST,"1,840,000","197,000",0,2016-02-12,2.98 A,CG
DAVIS MICHAEL E + ANNE G,,22 SHERWOOD LN,"451,100","94,500","190,000",1991-10-07,1.84 A,R
CROCKETT RACHEL F,,42 SHERWOOD LN,"451,300","88,600","154,253",2020-11-02,1.41 A,R
HIGHLANDER INVESTMENT GROUP LLC,,9 WILHENGER DR,"78,000","78,000",0,1995-08-29,2.40 A,R
MARLBOROUGH TOWN OF,,WILHENGER DR,"170,800","170,800","149,000",2001-03-02,20.25 A,R
STOFKO MARK J & THERESA V,,18 SHERWOOD LN,"487,500","94,800","325,000",2008-05-29,1.88 A,R
MIKULAK DANIEL J,,26 ROBERTS RD,"307,400","77,700","204,500",2014-04-21,0.75 A,R
COFFEY LAUREN M & MICHAEL E,,54 SHERWOOD LN,"442,500","86,100","315,000",2015-07-16,1.19 A,R
ZYBRANDS DOUGLAS A + DIANE F,,50 SHERWOOD LN,"460,200","89,500","252,838",2000-07-31,1.44 A,R
SEIPT ALAN D & ERIN P,,30 SHERWOOD LN,"505,600","88,600","365,000",2017-05-22,1.41 A,R
LLOYD MATTHEW & MEGAN,,38 SHERWOOD LN,"611,900","86,900","399,900",2015-09-16,1.25 A,R
FENTON SUSAN E,,58 SHERWOOD LN,"502,500","86,100",0,2023-08-18,1.19 A,R
WALLACE SCOTT L. & MONICA R.,,34 SHERWOOD LN,"474,000","86,900","358,000",2008-09-30,1.23 A,R
DIENER ADAM J & SARAH B,,46 SHERWOOD LN,"539,800","89,500","356,000",2012-07-26,1.46 A,R
ROBERTS AMANDA L,,63 SHERWOOD LN,"551,100","91,300","350,000",2020-05-07,2.23 A,R
AHMED KHALED,ELNAHHAS MONA,60 SHERWOOD LN,"471,900","85,300","295,000",2010-04-20,1.15 A,R
GIULIETTI DAVID W & NATHAN D,,55 SHERWOOD LN,"499,300","89,500",0,2025-08-04,1.42 A,R
BOESHANS LIVING TRUST,,59 SHERWOOD LN,"526,400","92,600",0,2024-07-03,2.53 A,R
WILANSKY MATTHEW & ALANE,,51 SHERWOOD LN,"529,900","130,000",0,2015-11-25,6.96 A,R
BRIDE DEREK & ERIN,,47 SHERWOOD LN,"537,500","90,300","364,900",2017-06-05,1.51 A,R
BRIONES FERMIN ANDRES,,6 SHERWOOD LN,"452,000","86,100","195,000",2022-05-02,1.21 A,R
BOGGS DANIEL J,,26 SHERWOOD LN,"571,300","94,600","575,000",2023-05-24,1.85 A,R
BROWN PATRICK D + COLLEEN M,,39 SHERWOOD LN,"676,200","86,900","349,900",1999-09-20,1.28 A,R
RAJAEE MOHSEN,HOSSEINI MARYAM,31 SHERWOOD LN,"575,100","86,100","505,000",2008-09-11,1.21 A,R
MAZOTAS KIM F & LEO P,,43 SHERWOOD LN,"493,900","88,600",0,2019-01-24,1.39 A,R
BENNICI GREGORY,,29 SHERWOOD LN,"584,800","86,100","700,000",2025-12-03,1.21 A,R
PALIFKA WILLIAM N & LIBERTY J,,25 SHERWOOD LN,"466,600","85,300","345,000",2017-08-09,1.15 A,R
ZAGORSKI JASON & BRITTNE,,35 SHERWOOD LN,"590,300","86,100","753,750",2025-10-30,1.16 A,R
HEBB STUART,,37 PORTLAND RD,"377,900","79,800","253,000",2011-05-12,1.03 A,R
CHESNUTT WILLARD B + HOPE,,9 SHERWOOD LN,"421,000","86,900","190,000",1992-08-24,1.24 A,R
HALE JAMES W + SHIRLEY F,,21 SHERWOOD LN,"514,800","86,100","70,000",1991-06-19,1.16 A,R
TOMINOVICH JAMES L,POPOLIZIO ROSETTA,108 CHENEY RD,"520,200","123,500","318,000",2004-06-01,0.80 A,R
LOFMARK ERIK & RUTH ANN,,13 SHERWOOD LN,"501,900","86,100","392,000",2020-09-01,1.17 A,R
GREENWALD ROBIN,,17 SHERWOOD LN,"482,000","86,100",0,2023-09-18,1.16 A,R
HALE TIMOTHY N + DONNA L,,40 SANER RD,"629,500","95,500","549,900",2006-08-07,2.60 A,R
T&B COOPER FAMILY LIVING TRUST,,36 SANER RD,"684,300","92,700",0,2025-06-02,2.20 A,R
KAMINSKI WOJTEK,,48 SANER RD,"116,300","96,700","43,300",2020-05-15,2.77 A,R
VANMETER PAUL M & KRYSTAL C,,100 CHENEY RD,"439,300","123,500","325,000",2021-01-12,0.80 A,R
GRECO DIANNE D,,180 SANER RD,"506,800","91,300","312,500",2009-12-15,2.00 A,R
JACKSON BRIAN & ASHLEY,,211 JONES HOLLOW RD,"439,000","99,700",0,2011-11-08,3.81 A,R
ARBO ARTHUR J,,30 PORTLAND RD,"363,500","95,100","247,000",2021-01-26,3.19 A,R
BROWN JOSHUA,KOKOSZKA JESSICA,130 SOUTH RD,"562,600","96,500","683,400",2026-05-06,2.12 A,R
MURDOCK TERESA,,128 CHENEY RD,"316,600","126,100","185,000",2020-11-05,0.90 A,R
SNARSKI RAYMOND RICHARD,,30 GINA LN,"707,800","241,100",0,1989-02-07,45.17 A,R
COSGROVE PATRICIA G,,58 WILLIAMSBURG RD,"641,500","101,000","71,000",1994-01-10,2.16 A,R
MARLBOROUGH TOWN OF,,SHERWOOD LN,"9,200","9,200",0,1990-11-14,1.25 A,R
HATZIKOSTAS EMANUEL + ERIN TRUST,,52 WILLIAMSBURG RD,"681,600","111,900",0,2025-04-25,3.71 A,R
VOSKANOV DANIEL & JOANNA,,61 WILLIAMSBURG RD,"706,200","102,600","801,000",2025-11-06,2.39 A,R
VISHNOSKY WILLIAM &  CATHERINE LIVING,,36 WILLIAMSBURG RD,"550,900","98,800",0,2021-06-22,1.84 A,R
GRIFFITH LAURA,FOWLER JOSHUA,42 WILLIAMSBURG RD,"610,200","109,600","760,000",2025-10-20,3.38 A,R
GNOCCHI ROBERT J + MARONEY PATTI,,66 WILLIAMSBURG RD,"655,500","110,200","77,000",1900-01-01,3.47 A,R
HENDERSCHEDT KELLY L,,57 WILLIAMSBURG RD,"613,000","101,100","73,000",1995-03-27,2.17 A,R
ECOTT DANIEL R,,62 WILLIAMSBURG RD,"606,000","100,600",0,2024-06-11,2.09 A,R
WALSH A JUSTIN,MOODY WALSH JENNIFER,53 WILLIAMSBURG RD,"623,500","117,600","432,000",2020-10-06,4.52 A,R
CUNNINGHAM CATHERINE A,,47 WILLIAMSBURG RD,"598,900","115,800",0,2018-08-09,4.27 A,R
LAFAYETTE BENJAMIN P,OKANE CHRISTINE J,118 JONES HOLLOW RD,"301,500","69,200","193,000",2018-09-28,0.64 A,R
MAHONEY-PETRAIUOLO A DEIRDRE,,41 WILLIAMSBURG RD,"604,900","100,500","408,500",2019-07-25,2.08 A,R
COUGHLIN ASHLEY E & THOMAS E,,37 WILLIAMSBURG RD,"683,500","113,700","435,000",2020-10-17,3.97 A,R
TAYLOR WILLIAM & MARIA,,51 WILLIAMSBURG RD,"625,300","99,800","600,000",2022-06-23,1.99 A,R
BUCKLEY ARNOLD R EST,,109 SOUTH RD,"332,500","85,300",0,2025-11-12,1.10 A,R
PADULA LINDSAY J & JOSHUA J,,45 WILLIAMSBURG RD,"613,300","102,400","432,500",2019-07-03,2.36 A,R
LICHAJ THOMAS &  JAIMIE E,,33 WILLIAMSBURG RD,"521,100","99,800","374,900",2020-01-22,1.99 A,R
JORDAN FAMILY FARM LLC,,118 SOUTH RD,"192,800","185,500",0,2013-06-03,19.90 A,R
JORDAN MELISSA A,,114 SOUTH RD,"664,000","94,900",0,2014-05-12,1.90 A,R
JOHNSON SAMUAEL & BRIANNA,,134 SOUTH RD,"418,600","95,600","324,900",2021-10-13,2.00 A,R
KORTH BRADLEY C + ASKENAZER MARILYN,,12 LEWIS RD,"493,100","112,600","50,000",1997-09-24,3.35 A,R
PEELING DAVID C & LISA M,,138 SOUTH RD,"499,800","95,000","385,000",2005-10-05,1.91 A,R
OBRIEN MICHAEL,,46A EDSTROM RD,"24,900",0,"40,000",2024-05-15,0.00 A,R
PREISNER WALDEMAR + MARGARET,,29 DEER RUN,"318,100","86,900","112,000",1997-10-31,1.26 A,R
MAGUIRE LAWRENCE D + ELIZABETH J,,115 JOHNSON RD,"471,900","91,300","239,000",2001-07-09,2.00 A,R
POLEK STEVEN JR,RUSSENBERGER HALEY & BOISVERT KRISTEN A,18 JOHNSON RD,"537,900","130,100","312,000",2016-06-21,7.60 A,R
R L S RENOVATIONS LLC,,10 COOLEY RD,"620,500","115,700","256,500",2024-10-15,4.25 A,R
BUCZYNSKI RICHARD J + THERESA M,,70 PARK RD,"423,100","90,800",0,1900-01-01,1.93 A,R
MOSTAFA HALA,,11 RIVENDELL RD,"512,700","99,400","347,500",2018-07-26,1.93 A,R
CANNATA STEVEN M + ERIN B,,29 RIVENDELL RD,"506,300","98,800","70,000",1992-06-05,1.84 A,R
STARKOWSKI LARRY R + KAREN L,,25 RIVENDELL RD,"416,300","98,800","168,000",1994-05-16,1.84 A,R
OUGH RAYMOND A + ROLANE M,,21 RIVENDELL RD,"508,700","98,800","309,900",2003-08-25,1.84 A,R
CASTILLO DIEGO,CASTILLO BLAIN BETHANY M,17 RIVENDELL RD,"607,200","99,400","408,500",2016-06-24,1.93 A,R
TYMINSKI ELISE MARIE,,32 PHELPS RD,"479,300","116,000",0,2013-05-10,6.81 A,R
BROWN MATTHEW C,GAZDZICKI KATE M,18 MYRNA DR,"258,500","65,500","180,000",2018-07-30,0.54 A,R
RONDINI SAMUEL E + YVONNE,,51 SO MAIN ST,"525,000","116,800","50,000",1996-12-12,6.30 A,R
TAVANI ARTHUR R + ELAINE R,,33 RIVENDELL RD,"517,700","99,900","72,500",1992-03-09,2.00 A,R
MISHRIKY MICHAEL,RABE ALLISON,37 RIVENDELL RD,"515,500","99,500","365,000",2018-05-08,1.94 A,R
CATENZARO JAMES + MARGARET M,,34 RIVENDELL RD,"569,700","108,700","65,000",1993-06-01,3.26 A,R
KURTZMAN ETHAN K & AIMEE N,,36 RIVENDELL RD,"418,000","98,800","316,000",2014-06-23,1.84 A,R
RIBNICKY  ELINOR J,,30 RIVENDELL RD,"496,900","110,800","204,900",1998-04-27,3.56 A,R
GARGER JOHN T + KIMBERLY E,,32 RIVENDELL RD,"431,200","99,300","207,000",1998-06-29,1.91 A,R
SPINELLI ETHAN J & KRISTIN M,,22 RIVENDELL RD,"585,300","98,800","445,000",2008-12-19,1.84 A,R
KACZOROWSKI MICHAEL A TR,,26 RIVENDELL RD,"479,500","98,900",0,2023-06-09,1.86 A,R
CELINE K RYAN TRUST,,20 RIVENDELL RD,"516,500","109,900",0,2022-04-05,3.43 A,R
KRIST LEONARD E + NANCY S,,251 SO MAIN ST,"393,700","102,500",0,2003-03-12,5.00 A,R
COHEN TODD R,WISHART AMANDA,16 RIVENDELL RD,"560,600","98,800","392,500",2017-01-31,1.84 A,R
LORRAINE LUKE JOSEPH,,162 WEST RD,"395,900","83,800","305,000",2026-09-08,1.29 A,R
MCDONALD ADAM,LAVOIE-TREMBLAY KARINE,12 RIVENDELL RD,"497,700","98,800","318,000",2010-05-10,1.84 A,R
MOSDALE THOMAS + PAMELA W,,15 HUNTER RIDGE RD,"481,500","98,400","155,000",1991-08-16,2.40 A,R
MCLEAN HEIDI A,,6 RIVENDELL RD,"372,500","85,700",0,2026-03-10,0.94 A,R
HAGGERTY KEVIN & SARA,,17 HUNTER RIDGE RD,"427,300","101,900","281,000",2009-07-27,2.90 A,R
YOUNG DANIEL ESTATE OF,YOUNG  DENISE A,20 HUNTER RIDGE RD,"455,600","104,700",0,2025-12-09,3.29 A,R
BUTTERFIELD JEFFERY + LISA,,9 HUNTER RIDGE RD,"512,400","98,000","181,766",1992-01-17,3.03 A,R
MILLER ANDREW S,,16 HUNTER RIDGE RD,"507,600","93,000","287,500",2012-11-27,2.31 A,R
PRESTI ANDREW,SEAGRAVE JENNIFER,23 ISLEIB RD,"570,800","95,000","385,000",2020-11-20,1.91 A,R
ST GEORGE DANIEL,LYONS SUMMER,21 HUNTER RIDGE RD,"634,000","117,400","585,000",2020-12-11,5.14 A,R
BURG ROMALEA,,103 JERRY DANIELS RD,"398,900","86,900",0,2000-09-13,1.26 A,R
DUBOIS RYAN & VANESSA,,12 HUNTER RIDGE RD,"430,700","106,700","310,000",2018-06-25,3.58 A,R
NACHTIGAL LINDA,,86 SANER RD,"321,500","69,400","180,000",2013-08-16,0.50 A,R
MCNAUGHTON KATIE,WENTWORTH DAVID L,82 PORTLAND RD,"376,100","96,700",0,2019-04-04,2.77 A,R
DEWART JOHN S & GARDNER MICAELA,,102 PETTENGILL RD,"323,900","89,100","315,000",2021-11-04,1.15 A,R
WNUK JOSEPH JR & CHRISTINA,,110 JONES HOLLOW RD,"674,000","98,800","820,000",2025-09-02,3.68 A,R
MONTSTREAM BRENDON CHRISTOPHER,,91 PORTLAND RD,"858,100","369,700",0,2025-01-08,61.00 A,R
MARTIN LARHONDA M,,16 FULLER RD,"213,900","64,800","218,000",2022-03-01,0.50 A,R
FULLER RANDY JOHN,,191 JONES HOLLOW RD,"401,300","93,500",0,2023-08-08,2.99 A,R
SMITH FAMILY TRUST,,29 SOUTH RD,"631,100","95,700",0,2024-12-05,2.01 A,R
SRINIVASAN PRASAD,PRADAD KALA,7 OLD CIDER MILL LN,"974,800","500,000","1,200,000",2023-12-01,1.00 A,R
CAVENDER DIANE C F,,197 JONES HOLLOW RD,"458,200","95,200",0,2017-09-26,3.24 A,R
HEALTHCARE ASSOCIATES OF CT LLC,,7 DICKENSON RD 3,"225,900",0,0,2014-04-23,0.00 A,GC
WOOD CRYSTAL M & MARK R,,81 SOUTH RD,"547,300","95,800","440,000",2022-02-03,2.02 A,R
BILLIEL JEREMY M &  STEPHANIE M TRUSTEES,REV LIV TRT,114 JERRY DANIELS RD,"399,300","88,600",0,2014-11-20,1.39 A,R
FERRARA ANDREW,,108 CHAPMAN RD,"740,200","116,100","595,000",2020-07-01,4.93 A,R
VISCO CATHERINE B,,4 MOHAWK TRL,"307,900",0,"137,900",2011-10-28,0.00 A,DMR
HANSEN LARISSA,,2 MOHAWK TRL,"298,900",0,"310,000",2025-04-01,0.00 A,DMR
SIGGIA RAYMOND P & MELISSA T,,31 SOUTH RD,"564,500","110,200","354,000",2014-04-08,4.08 A,R
NIXON JOHN F + JUDY A,,305 JONES HOLLOW RD,"359,300","115,600",0,2004-07-19,5.50 A,R
TOMASSETTI NICHOLAS R JR,ALBERTELLI JILL MARIE,98 HEBRON RD,"686,000","88,200",0,1999-01-21,3.40 A,R
OWEN PAUL E & JOHN W,,96 HEBRON RD,"391,400","78,400","265,000",2019-12-16,2.00 A,R
GINGOLD JANN,MESEK MARY B,92 HEBRON RD,"761,900","164,000",0,2015-04-08,14.61 A,R
ZAK DANIEL,,83 JOHNSON RD,"808,100","124,400","602,500",2015-03-08,7.33 A,R
HARTMAN JAMES F & LISA CYR HARTMAN,,15 CAFFYN DR,"328,000","69,400",0,2016-01-15,0.50 A,R
ZAK DANIEL H,,111 JOHNSON RD,"133,400","133,400",0,2025-01-13,10.02 A,R
APPEL BARBARA,,7 SACHEM DR,"314,800",0,"340,000",2026-05-22,0.00 A,DMR
DUMONT STEVEN P,,8 SACHEM DR,"304,100",0,"119,900",1994-06-13,0.00 A,DMR
GRACE STEVEN L & CYNTHIA,,1 MOHAWK TRL,"310,600",0,"330,000",2025-12-03,0.00 A,DMR
MCNULTY SEAN F + WENDY A,,41 ROBERTS RD,"343,200","87,800","249,900",2002-08-23,1.29 A,R
LAGUEUX ALAIN c,,56 E HAMPTON RD,"323,000","72,500",0,2024-02-05,1.38 A,R
MEADOWBROOK FARM LLC,,153 SOUTH RD,"1,533,700","399,500","1,282,780",2017-01-31,50.25 A,R
LESLIE KENNETH ROBERT JR + LYNETTE M,,2 RIDGELINE DR,"454,700","101,500",0,1999-01-20,2.22 A,R
CZECHOWICZ SHERRIE K,,3 MOHAWK TRL,"298,900",0,"109,000",2019-05-31,0.00 A,DMR
OLKIN AMANDA,,10 SACHEM DR,"304,900",0,"310,000",2024-06-10,0.00 A,DMR
PIETRUSZKIEWICZ BERNARD J + KAREN M TRUS,,7 RIDGELINE DR,"442,100","107,200",0,2026-01-22,3.04 A,R
WILTSIE TITO,,11 SACHEM DR,"309,800",0,"310,000",2023-08-28,0.00 A,DMR
JOHNSON JOAN M,,9 SACHEM DR,"340,100",0,"285,000",2022-04-13,0.00 A,DMR
DUNNIRVINE WILLIAM J + KRISTIN E,,5 RIDGELINE DR,"396,600","103,900","193,000",1999-08-16,2.57 A,R
SMIGEL WILLIAM,WEHLING MARTHA  J/T,78 SANER RD,"430,000","90,200","280,000",2009-08-11,1.84 A,R
DWYER DAVID G + SHARON D,,78 PARK RD,"523,200","113,400","255,000",1995-08-29,6.02 A,R
MORAN N ALICE,,5 SACHEM DR,"313,400",0,"119,500",1996-10-22,0.00 A,DMR
BLONDIN DENNIS & DEBORAH,,6 SACHEM DR,"314,800",0,"325,000",2023-10-04,0.00 A,DMR
CRAIG DEBORAH,,12 SACHEM DR,"334,900",0,"203,000",2015-11-06,0.00 A,DMR
KOLAKOWSKI FRANCIS J III + JULIE L,,6 THOMASSIAN DR,"517,000","98,900",0,2025-05-16,1.85 A,R
BASCETTA THOMAS & MEGHAN,,18 THOMASSIAN DR,"415,900","110,300","270,000",2018-10-18,3.48 A,R
TEDFORD THOMAS A + LISA M,,3 RIDGELINE DR,"401,800","107,600","163,700",1995-07-03,3.10 A,R
MCMILLAN KEVIN & CRYSTAL,,24 THOMASSIAN DR,"511,400","99,300","445,000",2021-10-04,1.91 A,R
MIGLIARO EDWARD F JR & KAREN E,,10 THOMASSIAN DR,"446,600","98,800",0,2021-02-19,1.84 A,R
FISHER ARMAND TRUST,,22 THOMASSIAN DR,"479,100","100,900",0,2025-03-20,2.14 A,R
BURRILL  KATHLEEN S,,112 JONES HOLLOW RD,"235,200","66,100",0,2025-01-16,0.50 A,R
VORONKOV ALEXANDER & MARINA,,34 THOMASSIAN DR,"606,000","111,000","460,000",2012-07-02,3.59 A,R
MORIN VIATEUR J + RELA L,,28 THOMASSIAN DR,"577,400","100,100","55,000",1996-11-15,2.02 A,R
ARCARI KEITH + CANDICE,,36 THOMASSIAN DR,"693,500","141,900","432,000",2005-07-18,9.70 A,R
BRODGINSKI CAROLYN C,,33 THOMASSIAN DR,"539,500","112,300",0,2005-11-28,3.77 A,R
BUETTEL F III WALTER,BUETTELL CAITLIN,21 THOMASSIAN DR,"610,600","118,500","420,000",2019-11-19,4.65 A,R
SZYMANSKI  DONNA S REV TRST,,17 SACHEM DR,"366,400",0,0,2019-05-06,0.00 A,R
SYKES CECILE B,,14 SACHEM DR,"304,900",0,0,2002-03-05,0.00 A,R
BUSEMEYER DAVID G TRUST,,51 SO BUCKBOARD LN,"473,000","103,500",0,2025-09-08,3.13 A,R
LORENZO MARIA,,13 SACHEM DR,"342,000",0,"307,500",2022-11-04,0.00 A,R
KIRAN HORA DAMICO TRUSTEE OF,,15 SACHEM DR,"310,800",0,0,2019-04-08,0.00 A,R
JOHNSON STEVEN B + SUSAN M,,7 HOCCANUM RD,"659,100","122,400","98,000",1999-11-30,4.60 A,R
RODRIGUES  LIANNE & ANDRE,,274 JONES HOLLOW RD,"468,400","102,900",0,2026-04-01,4.87 A,R
SCHOBER JENNIFER ANN,LOWTHER SEAN DANIEL,264 JONES HOLLOW RD,"511,400","97,200","355,000",2020-01-28,3.46 A,R
SWEET RENEE & BENJAMIN T,,252 JONES HOLLOW RD,"434,000","113,700",0,2009-06-05,5.85 A,R
RAND WESLEY N + DEBORAH J,,236 JONES HOLLOW RD,"449,700","100,800","69,000",2001-01-29,4.68 A,R
ROLLEND CHRISTOPHER L + JOANNE M,,224 JONES HOLLOW RD,"671,500","110,000","85,000",2000-05-01,6.47 A,R
JUDGE COREY LYNN CRANE,,8 HOCCANUM RD,"646,800","148,100","300,000",2014-10-23,10.58 A,R
STIMPSON JOHN,,72 SANER RD,"500,500","90,300",0,1997-02-25,1.86 A,R
GODIN ANDREW,,16 PHELPS RD,"205,600","69,400","330,000",2026-05-19,0.50 A,R
ORTIZ ELLIOT C & MARCIA A,,57 JOHNSON RD,"519,000","125,600",0,2010-03-30,6.95 A,R
PICCIOLO MICHAEL G & SARAH M,,8 VICTORIA LN,"390,000","90,900","306,000",2015-07-20,1.26 A,R
CAFFYN REAL ESTATE ENTERPRISES II LLC,,64 JOHNSON RD,"314,400","91,000",0,2010-05-06,2.00 A,R
COOPER BRE-ANNE,,73 STAGE HARBOR RD,"392,200","86,900","180,000",2021-01-04,1.27 A,R
TARDIF MARK E + BRENDA,,3 SUMMER LN,"388,300","102,100","153,570",1997-04-07,1.78 A,R
LUTKUS KAREN A,,16 SACHEM DR,"304,900",0,"250,000",2021-08-31,0.00 A,R
TILLONA JAMES R & SUSAN J,,4 HOCCANUM RD,"648,500","110,400",0,2009-02-09,2.88 A,R
STARKE DAVID + MARIA,,5 SUMMER LN,"425,000","99,400","164,900",1997-07-23,1.59 A,R
HAHN  PATRICIA M,,103 SANER RD,"505,800","95,900",0,2024-06-21,2.65 A,R
CRUZ BRANDON,,101 SANER RD,"475,800","87,800","449,000",2023-07-20,1.64 A,R
KAPU DAVID & TAMMY,,3 HOLLY LN,"494,300","105,700","625,000",2023-08-15,2.21 A,R
LEE MATTHEW C + DAWN E,,4 SUMMER LN,"505,000","96,700","47,000",1996-12-30,1.37 A,R
TURENNE ANDREW & RENEE,,123 SANER RD,"410,200","88,600","390,000",2021-07-22,1.71 A,R
TOMANELLI JOHN E,JOHNSON DOREEN R,125 SANER RD,"555,300","91,200","52,000",1996-07-12,1.99 A,R
GILNACK LAURA L,,127 SANER RD,"443,400","96,400","299,000",2017-12-20,2.73 A,R
WOSLEGER AUSTIN,,75 CAFFYN DR,"279,800","89,400","187,500",2019-09-25,1.76 A,R
LAROE BRIAN S,PAGE MARK A,131 SANER RD,"422,200","90,200",0,2014-06-14,1.81 A,R
REYNOLDS ROBERT L,,12 HIDDEN WOODS DR,"638,400","191,500","392,000",2003-03-19,14.86 A,R
THIBODEAUX KEVIN P & LISA,,16 HIDDEN WOODS DR,"627,200","133,200","680,000",2025-06-27,6.18 A,R
SHERIDAN JOSEPH EDWARD & MEAGAN LEIGH,,2 SUMMER LN,"528,200","97,600","366,900",2020-03-23,1.42 A,R
CUNNINGHAM AIMEE MARIA & JOHN R,,17 HIDDEN WOODS DR,"552,300","127,400","447,500",2020-07-07,5.34 A,R
GRANT WILLIAM & ARIANA,,3 HOCCANUM RD,"797,200","108,200","853,000",2025-02-03,2.57 A,R
NORDLUND DOREEN C,,15 HIDDEN WOODS DR,"552,300","152,200","286,314",2000-08-24,11.39 A,R
WINMAN CAPRI P,,9 HIDDEN WOODS DR,"642,200","121,800",0,2022-11-29,4.51 A,R
MARLBOROUGH TOWN-LINE LLC,,HOLLY LN,"123,900","123,900",0,1994-08-02,4.81 A,R
SMITH KATHERINE A.,,19 APACHE LN,"311,200",0,"205,000",2009-04-15,0.00 A,R
ABBOTTS MELISSA,,20 APACHE LN,"311,200",0,"235,000",2020-03-16,0.00 A,R
HARRY W KENWORTHY EST,,21 APACHE LN,"322,100",0,0,2022-01-24,0.00 A,R
PRINCE THOMAS M + TINA L,,8 SUMMER LN,"526,600","109,700","49,900",1996-09-03,2.78 A,R
DONLAN MICHAEL P,,18 APACHE LN,"326,400",0,"244,000",2010-10-01,0.00 A,R
BURKHARDT SUSAN M & MICHAEL C,,4 HIDDEN WOODS DR,"604,000","139,100","395,000",2012-03-26,7.04 A,R
GULKO GRZEGORZ,KARASEWICZ EWELINA,71 SOUTH RD,"412,000","98,100","294,250",2010-06-15,2.36 A,R
RUXTON DENISE C,,6 PHELPS RD,"202,200","69,400",0,2019-01-29,0.50 A,R
PALMERO AARON & REBECCA,,10 HIDDEN WOODS DR,"542,100","105,300","385,000",2016-08-30,2.16 A,R
SYCAFOOSE SUZANNE,,23 APACHE LN,"316,600",0,"240,400",2009-08-24,0.00 A,R
MILEWSKI MARDI,,22 APACHE LN,"363,700",0,"240,000",2019-05-31,0.00 A,R
ROCZNIAK AMANDA,,25 APACHE LN,"313,100",0,"204,500",2011-06-06,0.00 A,R
SPENCER SUSAN M & MILTON G,,31 APACHE LN,"345,400",0,"362,000",2024-09-03,0.00 A,R
CARUSO LAURA,,26 APACHE LN,"317,800",0,"266,000",2021-12-14,0.00 A,R
WEBSTER RICHARD A,,55 EMILY RD,"510,300","97,600",0,2012-01-09,1.46 A,R
CULLEN PAUL,,59 EMILY RD,"550,800","93,900",0,2015-08-04,1.18 A,R
PELLETIER ROBERT P,KRAMER SHERRI M,1 SUMMER LN,"498,100","98,500","410,000",2004-12-20,1.53 A,R
REYNOLDS ROBERT L,,12 HIDDEN WOODS DR,"638,400","191,500","392,000",2003-03-19,14.86 A,R
AKBARZAI AMJEED,ZADRAN ZULEIKHA,63 EMILY RD,"686,900","101,200",0,2026-03-19,1.68 A,R
HOWE M CARMEN,HOWE  R QUIN,65 EMILY RD,"596,700","106,500","418,000",2019-08-13,2.33 A,R
MICHAEL & MARIA ITTEILAG CO TRUSTEES,,61 EMILY RD,"663,400","96,700",0,2021-12-27,1.37 A,R
WOSLEGER AUSTIN,,63 CAFFYN DR,"479,900","91,300","270,000",2023-05-04,2.00 A,R
CATARINO MANUEL A,,58 EMILY RD,"588,600","97,600","298,500",1998-09-21,1.42 A,R
SCHADTLE MICHAEL + BARBARA,,11 ALDEN CIR,"550,700","150,500",0,1997-07-14,10.00 A,R
RUSCZYK DAVID & LYNN,,52 EMILY RD,"662,500","103,800","700,000",2023-07-31,1.94 A,R
MIKE PATRICK,CASTELLANI SARAH,60 EMILY RD,"579,900","97,600","418,000",2020-01-23,1.44 A,R
BURNS CORY,MONDO MADELINE,129 SANER RD,"487,800","99,300","679,000",2026-08-06,3.14 A,R
ST JEAN KRISTINE L,,4 KRISTI LN,"604,200","93,000",0,2000-04-26,1.11 A,R
JEFFRIES WILLIAM A + CHERYL A,,1 KRISTI LN,"428,600","97,600","201,300",1998-10-13,1.45 A,R
SOULAGNET CHRISTIAN P & CHRISTINA,,74 JOHNSON RD,"374,600","83,800",0,2009-09-22,1.32 A,R
KAVERUD JAYSON & DANIELA,,56 EMILY RD,"553,800","98,500","637,000",2024-08-22,1.53 A,R
PHELPS BRUCE R + CAROL B,,10 KIMBERLEY WAY,"603,400","110,000","58,500",1998-01-26,2.82 A,R
BRADLEY NATALIE L,,3 KRISTI LN,"511,700","97,600",0,1999-10-04,1.45 A,R
HUSTA BRUCE A + SUSAN G,,64 EMILY RD,"667,000","110,800","67,500",1997-11-17,2.94 A,R
QUINCY MICHAEL E + MICHELLE E,,54 EMILY RD,"482,400","103,100","311,000",2001-08-02,1.83 A,R
MULLER DERIK J,ROJAS- MULLER  DIANE E,3 KIMBERLEY WAY,"612,800","93,900","425,000",2020-08-25,1.20 A,R
GREENLAW CHRISTOPHER M + FAITH H,,7 KIMBERLEY WAY,"534,800","107,700","56,700",1997-12-08,2.49 A,R
PARR LYNNE M + ROBERT L,,6 KIMBERLEY WAY,"531,900","89,400","65,000",1998-10-01,0.92 A,R
HUELSMAN DONALD J + JOANNE M,,8 KIMBERLEY WAY,"578,200","93,000","272,000",1998-12-16,1.10 A,R
JACEWICZ JAMES J & CAROL A,,27 APACHE LN,"305,400",0,"214,500",2016-11-02,0.00 A,R
WILCOX JUSTIN & BRYNN,,4 KIMBERLEY WAY,"584,300","92,100","400,000",2025-12-10,1.05 A,R
NOEL JOHN D,PRATT DAVID P,147 SANER RD,"400,600","86,200","318,000",2015-04-01,1.50 A,R
JOSEPETTAKATT BEJOY,MATHEW NEETHA,2 KRISTI LN,"605,500","96,700","427,500",2016-07-25,1.39 A,R
BAHAMONDE OMAR + ALISSA,,5 HOLLY LN,"625,400","108,800","100,000",2001-11-09,2.65 A,R
ROCKET TRUST,,139 EDSTROM RD,"547,900","100,300",0,2025-03-28,1.62 A,R
PLOURDE JEFFREY & LORI,,137 EDSTROM RD,"477,900","99,400","347,000",2017-11-15,1.56 A,R
PATTI FURRER TRUSTEE  REVOC TRST,,4 HOLLY LN,"566,000","100,300",0,2019-10-07,1.64 A,R
LYNCH JAMES C & MARYELLEN,,62 EMILY RD,"543,500","101,200","540,000",2023-10-05,1.72 A,R
DIDONATO DONNA M,,28 APACHE LN,"317,800",0,"245,000",2019-07-09,0.00 A,R
MCLEAN NORMAN P,,141 EDSTROM RD,"601,100","100,300","530,000",2021-09-02,1.61 A,R
REISER THOMAS G + WANDA G,,5 KRISTI LN,"648,900","103,400","62,100",1997-11-18,1.88 A,R
GENGA JASON + SHERRY,,57 EMILY RD,"491,300","93,000","75,000",1998-10-22,1.10 A,R
MARY L MALONEY REV TRUST THE,,129 EDSTROM RD,"557,100","95,800",0,2019-03-18,1.32 A,R
AYOTTE LIONEL A + ANTONINA C,,5 KIMBERLEY WAY,"540,400","95,800","80,000",2000-02-09,1.30 A,R
LAWSON CHRISTIAN R + SUSAN M,,125 EDSTROM RD,"525,400","105,800","300,000",2000-11-16,2.22 A,R
PICONE ROBERT P,,116 EDSTROM RD,"537,800","100,300","420,000",2006-04-25,1.64 A,R
SZOLOMAYER ROBERT D,,120 EDSTROM RD,"592,700","105,300",0,2020-12-07,2.16 A,R
IRELAND DERRICK,WEYMOUTH ANDREA,118 EDSTROM RD,"596,400","104,500","542,000",2022-02-24,2.04 A,R
TARBELL J DANIELLE,,133 EDSTROM RD,"523,700","98,500","387,500",2019-07-31,1.53 A,R
MOCKO THOMAS R,,122 EDSTROM RD,"488,800","103,100",0,2014-11-03,1.81 A,R
THE CHRISTIE TRUST JORDAN CHRISTIE & PET,,124 EDSTROM RD,"651,300","105,800",0,2021-06-03,2.22 A,R
FLEEHER SCOTT T & TONCICA M,,131 EDSTROM RD,"559,200","99,400","405,000",2010-11-17,1.58 A,R
DUNION JASON & PAIGE,,128 EDSTROM RD,"610,900","110,200","481,000",2009-12-30,2.86 A,R
ARAMLI MAHIN,,200 NO MAIN ST,"800,100","435,000","600,000",2021-09-15,0.52 A,R
DUREL STEVEN J,KIRIENKO BRUNA,132 EDSTROM RD,"538,400","107,500","530,000",2024-01-02,2.47 A,R
GOULD JOHNATHAN & CHRISTINE,,134 EDSTROM RD,"589,500","103,200","475,000",2020-02-10,1.86 A,R
RISINGER TARA B,RITTEREISER MARY L,32 E MOHAWK TRL,"355,100",0,"315,000",2023-01-05,0.00 A,R
FLETCHER WILLIAM D JR,HICKEY CATHERINE T,35 E MOHAWK TRL,"313,400",0,"228,000",2018-10-22,0.00 A,R
RAULUKAITIS MARYANNE REVOCABLE TRUST OF,,33 E MOHAWK TRL,"323,600",0,0,2023-02-17,0.00 A,R
SNYDER BENJAMIN J III + JULIA A,,17 THOMASSIAN DR,"526,800","101,600","385,000",2003-12-01,2.24 A,R
SILLIMAN JOHN B,ANCKNER JILL,135 EDSTROM RD,"542,400","101,200","378,000",2014-06-30,1.69 A,R
MURPHY JUSTIN & HEATHER,,271 SO MAIN ST,"362,600","86,700","230,000",2023-06-20,2.00 A,R
POULIN ANTHONY EDWARD,TOMASI-POULIN BEATRICE,29 OGDEN LORD RD,"578,200","97,800","480,000",2020-08-03,2.31 A,R
SOHAIL MOHAMMAD,,388 NO MAIN ST,"38,600","38,600","46,000",2020-06-17,3.48 A,DBIZ
CLARKE ROBERT J,,61 WEST RD,"496,900","99,300",0,2020-08-10,3.14 A,R
ALLAIN RICHARD B + NANCY L,,8 SURREY LN,"406,000","83,000","165,000",1991-07-16,1.25 A,R
PASTERNAK GEANINNA,,97 NO MAIN ST,"341,100","93,600",0,2022-06-09,0.19 A,R
TOMMASI ADAM C,,19 RIDGEWOOD DR,"401,900","99,900","237,000",2016-08-18,2.02 A,R
TEDESCO CHRISTINE A & LABRECQUE PAUL J,,86 CHAPMAN RD,"504,300","94,500","105,000",2021-08-16,1.82 A,R
RODRIGUEZ A EDWIN,FOURQUET JESSICA,21 MAYFLOWER RD,"413,200","86,400","292,500",2020-03-31,1.25 A,R
AMERICAN LEGION MARLBOROUGH,POST 197 INC,128 E HAMPTON RD,"631,700","146,100",0,1900-01-01,10.35 A,DRE
SKLAT PETER J JR & JUDITH C,,34 QUINN RD,"378,800","106,000",0,2021-03-30,3.48 A,R
COLLINSON LAURA BETH,,19 WASHINGTON RD,"272,000","59,400","270,000",2022-07-12,0.18 A,R
CONNECTICUT STATE OF,,64 SO MAIN ST,"745,600","171,500",0,1982-08-02,6.26 A,GI
HARTFORD COUNTY 4H CAMP INC,,251 SOUTH RD,"1,244,900","440,400",0,1900-01-01,74.00 A,R
HARTFORD COUNTY 4H CAMP INC,,247 SOUTH RD,"392,500","92,400",0,1900-01-01,1.34 A,R
CHICOINE MICHAEL,,39 STAGE HARBOR RD,"326,000","86,900",0,2018-09-14,1.28 A,R
MARLBOROUGH TOWN OF,,25 SCHOOL DR,"11,212,900","204,400",0,1900-01-01,20.65 A,R
MARLBOROUGH TOWN OF,,29 PARK RD,"288,300","272,300",0,1900-01-01,31.80 A,R
PLACIDO DANIELLA M,DINGLER ADAM S,21 STAGE HARBOR RD,"359,800","89,500","220,000",2017-10-25,1.45 A,R
CAMPBELL PAMELA J,,341 JONES HOLLOW RD,"349,200","84,600",0,1995-02-24,1.38 A,R
LORD COLIN M,MAGYAR JULIE A,15 FINLEY HILL RD,"370,500","86,300","340,000",2023-09-19,2.57 A,R
LANE VALERIE A,,19 MYRNA DR,"266,800","67,800",0,2016-05-01,0.67 A,R
STEVENS DARRELL,DOTSON SARAH,6 HEMLOCK DR,"345,900","82,600","186,000",2018-10-24,1.25 A,R
DOOTSON KENNETH W + KAREN A,,7 HOLLY LN,"568,900","106,300","63,000",1998-12-16,2.29 A,R
MARLBOROUGH TOWN OF,,181 WEST RD,"242,100","204,700",0,1900-01-01,20.00 A,R
RALEIGH MARK & AMY,,35 MYRNA DR,"236,900","64,800",0,2022-07-01,0.52 A,R
CAMPBELL DEBORAH L + ROBERT P,,130 JERRY DANIELS RD,"479,900","119,100",0,1997-04-14,5.39 A,R
MITCHELLA LUCY EST,HILL JOHN R,77 MILLSTONE DR,"346,000","89,100",0,2025-08-11,1.15 A,R
MARLBOROUGH TOWN OF,,200 WEST RD,"736,500","300,700",0,1986-08-29,36.20 A,R
GEORGERAYMOND REAL ESTATE LLC,,15-21 LAKE RD,"533,600","140,400","410,000",2022-03-31,1.50 A,R
MARLBOROUGH TOWN OF,,76 QUINN RD,"432,300","331,600",0,1900-01-01,50.98 A,R
MARLBOROUGH TOWN OF,,66 SO MAIN ST,"592,100","166,400",0,1900-01-01,5.49 A,GI
PETRO JESSICA & STEPHEN F,,2 KIMBERLEY WAY,"494,100","92,100","610,000",2025-09-23,1.06 A,R
ST JOHN FISHER CHURCH CORP,,24 CHENEY RD,"315,000","80,000",0,1900-01-01,0.50 A,R
MARTINS NICOLE,,113 JERRY DANIELS RD,"466,700","86,900","215,000",2015-05-05,1.26 A,R
HANSON DAVID B,,265 SO MAIN ST,"225,300","102,600",0,2007-04-26,5.02 A,R
ANDERSON WILLIAM E,,53 STONY BROOK DR,"593,600","101,600",0,2006-01-03,3.10 A,R
CONNECTICUT STATE OF,,209 HEBRON RD,"1,972,400","214,900",0,1900-01-01,13.50 A,DGE
MARLBOROUGH TOWN OF,,15 SCHOOL DR,"1,973,600","161,400",0,1986-12-31,4.79 A,R
CAPASSO SALVATORE + NORMA N,,22 WALNUT DR,"373,400","83,000",0,1900-01-01,1.27 A,R
KISSI JEM,,121 HEBRON RD,"491,200","74,600","273,000",2018-11-05,4.13 A,R
MARLBOROUGH ASSOC SENIOR HOUSING,,155 SO MAIN ST,"3,404,800","271,200",0,1900-01-01,22.90 A,DMR
LOMBARDI MICHAEL J + JENNIFER,,116 CHAPMAN RD,"705,300","130,300","110,000",2003-05-28,7.00 A,R
PANDOLFI DONALD P & CATHERINE N,,36 E MOHAWK TRL,"371,000",0,"240,000",2017-09-26,0.00 A,R
ACABCHUCK DEAN,,29 APACHE LN,"355,700",0,"226,900",2020-11-19,0.00 A,R
SANTORO SOPHIE,,24 APACHE LN,"306,900",0,"115,000",1998-08-28,0.00 A,R
YOUNG MARY ANN,,34 E MOHAWK TRL,"345,400",0,"254,900",2007-12-28,0.00 A,R
CARELLI GEORGE N,,9 E LAKE RD,"631,200","391,500",0,1900-01-01,0.50 A,R
C MARATTA BUILDERS LLC,,19 FINLEY HILL RD,"83,000","83,000","37,500",2025-11-03,1.28 A,R
MARLBOROUGH VOLUNTEER FIRE DEPT,,7 HEBRON RD,"451,500","109,200",0,1958-07-22,0.65 A,GC
RAWLINS RHONDA,,40 CHEYENNE CT,"313,000",0,"329,000",2026-07-23,0.00 A,R
AVERY INGER N TRUST,,30 APACHE LN,"321,800",0,0,2024-12-06,0.00 A,R
DITOMMASO PHYLLIS,,37 CHEYENNE CT,"348,900",0,"215,000",2014-11-24,0.00 A,R
DAKIN MATTHEW F & GREGORY F,,39 CHEYENNE CT,"345,400",0,0,2017-05-02,0.00 A,R
CONNECTICUT STATE OF,,BLACKLEDGE DR/N,"245,200","245,200",0,1900-01-01,58.60 A,R
KRANTZ CAROL T,,41 CHEYENNE CT,"345,400",0,"350,000",2026-06-24,0.00 A,R
PERILLO DONALD J + MICHELLE M,,412 JONES HOLLOW RD,"577,900","98,800","53,500",1999-10-18,3.07 A,R
BONIN JOHN J + JOAN C,,114 PARKER RD,"713,600","167,900","70,000",1999-06-01,17.10 A,R
KARAHALIOS ANNA,,38 CHEYENNE CT,"319,000",0,"217,000",2015-07-30,0.00 A,GI
MURPHY JAMES P + KATHRYN M,,6 KNEELAND RD,"330,900","81,400",0,1900-01-01,1.10 A,R
SCHIERHOLZ RYAN & KIMBERLY,,24 POND VIEW LN,"711,800","106,900","595,000",2020-10-09,1.30 A,R
RAYMOND MICHAEL J & NANCY,,4 MEADOWS WAY,"764,100","111,000","711,400",2011-03-26,1.56 A,R
ORZECH JOHN M + CAROL S,,19 MEADOWS WAY,"625,100","115,100","521,910",2002-08-23,1.81 A,R
CAVALIERI FAMILY TRUST,,122 CHAPMAN RD,"647,900","100,400",0,2026-01-23,3.52 A,R
SULLIVAN SEAN,TSELIOS KATERINA,7 MEADOWS WAY,"595,100","112,000","446,000",2002-09-19,1.63 A,R
GAGNON DAREN,,60 POND VIEW LN,"885,800","117,100","600,000",2019-12-23,2.13 A,R
LOMBARDI LUCIAN + CATHERINE,,10 MEADOWS WAY,"742,200","112,000","635,142",2004-08-19,1.65 A,R
MOSLEY BARBARA M,,16 MEADOWS WAY,"767,100","111,000",0,2013-09-12,1.56 A,R
GOTTA LINDA W,,70 POND VIEW LN,"790,800","114,100","646,500",2002-11-19,1.77 A,R
FALANGA FRANCESCO C + MICHELLE L,,54 POND VIEW LN,"695,700","115,900","497,900",2003-12-10,1.95 A,R
BOWEN EDWARD F + LILY L,,75 POND VIEW LN,"619,000","112,000","455,850",2001-05-16,1.63 A,R
CAVALIERI TODD R + JENNIFER U,,124 CHAPMAN RD,"583,700","96,800",0,1998-12-28,2.17 A,R
SIMPSON WILLIAM F JR + DANUTE M,,78 POND VIEW LN,"636,700","115,200","461,708",2001-08-27,1.85 A,R
ULLOA ALEXANDER + DONNA,,147 FLOOD RD,"622,400","99,800","75,000",1999-09-27,2.13 A,R
DURSIN SHERI L + MARK R,,111 FLOOD RD,"627,100","115,300","50,000",2000-11-02,4.20 A,R
FERNANDEZ MICHAEL,,21 AVALON LN,"877,100","126,400","875,000",2023-08-28,2.60 A,R
BUONOMANO ROBERT & SUSAN,,21 POND VIEW LN,"135,700","135,700","1,000,000",2021-07-06,4.79 A,R
THATFORD P MEGAN,,17 AVALON LN,"711,100","116,800",0,2019-12-10,1.60 A,R
KELL ROBERT E & PATRICIA A,,140 JONES HOLLOW RD,"660,300","84,400","450,000",2017-10-16,1.71 A,R
WALKER LINDA J + JOHN H,,20 GLENWOOD DR,"242,600","69,900",0,1900-01-01,0.70 A,R
GOLDING RONAN,CHEFFER ALLISON,9 AVALON LN,"744,800","112,500","525,000",2020-08-13,1.34 A,R
CARLSON RONALD E + GRACE E,,24 WALKER LN,"315,000","76,900",0,1900-01-01,0.55 A,R
DEMOSTHENOUS MICHAEL A & STACEY A,,15 AVALON LN,"776,100","108,200","585,000",2008-05-23,1.09 A,R
ROJAS JOSE M,,23 AVALON LN,"720,100","109,300","514,000",2011-05-03,1.13 A,R
DAVIS MARIE H,,25 AVALON LN,"723,200","127,700",0,2011-03-07,2.79 A,R
SOKOLOWSKI MATEUSZ,,27 AVALON LN,"694,000","120,000","635,000",2024-08-26,1.74 A,R
BUONOMANO ROBERT & SUSAN,,27 POND VIEW LN,"1,151,000","134,100","1,000,000",2021-07-06,4.56 A,R
REIBELING RICHARD + ANNE,,39 AVALON LN,"712,900","114,700","115,000",2001-03-27,1.42 A,R
JONES MELINDA,,13 AVALON LN,"913,400","123,100",0,2025-10-23,2.13 A,R
DILLON TRAVIS & JENNIFER,,19 CHENEY RD,"457,000","123,500","585,000",2026-05-19,0.80 A,R
SCIBEK PAUL DAVID,,321 JONES HOLLOW RD,"422,700","91,800","400,000",2025-04-01,17.46 A,R
DAVIS MARIE H,,25 AVALON LN,"723,200","127,700",0,2011-03-07,2.79 A,R
SIKORA KELLEN,ALBANO LAUREN,43 AVALON LN,"769,300","113,600","701,000",2022-06-13,1.37 A,R
BESADE BRIAN H & KATHLEEN V,,19 AVALON LN,"801,000","124,300","555,000",2018-08-14,2.30 A,R
TAVOLIERI DAWN E,,29 AVALON LN,"799,200","115,700",0,2006-09-20,1.50 A,R
DAVIS JEAN E REVOCABLE TRUST,,11 AVALON LN,"687,400","107,200",0,2025-05-23,1.02 A,R
BAILEY RONALD J + JUNE,,49 AVALON LN,"711,200","120,000","610,000",2005-06-02,1.78 A,R
CARLSON ROSANNA M LIVING TRUST,,43 ROBERTS RD,"420,900","87,800",0,2025-09-02,1.35 A,R
PARKS ADAM S,CHRISTIE CYNTHIA R,51 AVALON LN,"777,900","123,000","530,000",2017-12-27,2.11 A,R
WAMPOLD LISA J,,16 AVALON LN,"748,900","117,900",0,2008-05-15,1.65 A,R
BERKELEY ELIZABETH & LEONARD STACI,,74 POND VIEW LN,"670,800","110,000","599,000",2021-02-08,1.54 A,R
CZARNECKI KEVIN M + KIMBERLY A,,14 AVALON LN,"741,400","112,500","577,357",2003-10-27,1.29 A,R
BULA MICHAEL D + BRENDA M,,47 AVALON LN,"718,100","115,700","626,639",2003-06-17,1.49 A,R
BAIG JAMAL & RANA   J/T,,20 AVALON LN,"769,000","111,400","510,000",2016-08-15,1.27 A,R
MULBERRY BRENT P,MULBERRY KRISTEN M,12 AVALON LN,"843,200","114,700","538,000",2019-09-23,1.44 A,R
MARQUES MANUEL M + MARIA ROSA,,36 HERITAGE DR,"640,000","109,900","90,000",2002-01-09,3.42 A,R
JASCOWSKI CONSTANCE,,48 FLOOD RD,"305,200","85,300","357,000",2022-06-13,1.15 A,R
SALMAN WALEED & FATIMAH,,35 AVALON LN,"1,016,600","136,200",0,2023-03-09,4.00 A,R
FELICIANO  LAURA,,46 LAUREL LN,"618,500","111,000",0,2022-03-29,3.59 A,R
NTI OHENEBA KOFI + FAUSTINA,,34 HERITAGE DR,"676,900","104,200","20,000",2004-08-30,2.61 A,R
KELLY GREGORY H + JEANNETTE T,,32 HERITAGE DR,"564,900","99,100","355,723",2001-12-21,1.88 A,R
LABOSSIERE ERIC,ROSE HILLARY,71 SO BUCKBOARD LN,"410,200","88,600","451,000",2025-04-29,1.36 A,R
GOVONI LOUIS BRIAN,,224 SOUTH RD,"338,500","100,200","175,000",2017-11-01,2.66 A,R
SOIFER SANDRA R,,237 JONES HOLLOW RD,"653,800","86,200",0,2014-10-03,1.88 A,R
BRIGA MARY ELLEN + JANIS I,,241 JONES HOLLOW RD,"608,300","132,600","105,000",2001-11-15,8.94 A,R
JULIANI LESLIE R & PETER S,,45 AVALON LN,"746,700","120,000","537,000",2012-07-09,1.79 A,R
KELLY THOMAS D & ANDREA,,108 WEST RD,"485,300","91,600","387,400",2015-06-25,2.04 A,R
KNIGHT JAMES R + ELLIE B,,22 AVALON LN,"696,700","112,500","562,826",2004-01-26,1.34 A,R
CHAPMAN DONALD L + DEBORAH S,,110 WEST RD,"660,400","122,200","70,000",2001-11-09,7.99 A,R
FAGO BARBARA J,,112 WEST RD,"575,000","149,000","429,900",2006-08-17,16.28 A,R
APANOVITCH RYAN & ERIN,,233 JONES HOLLOW RD,"600,500","89,500","517,000",2021-08-26,2.35 A,R
MCMAHON SHAWN P,,12 FOX MEADOW,"858,900","130,300","617,500",2020-03-12,2.17 A,R
WASKEY JAMES & RHONDA,,36 FOX MEADOW,"1,021,000","135,400","1,132,000",2025-09-19,2.90 A,R
KOVAC JOSEPH IV & AMY L,,18 AVALON LN,"719,200","110,400","590,000",2016-08-30,1.18 A,R
SHAW DAVID & MELANIE,,24 FOX MEADOW,"810,400","120,000","580,000",2020-05-27,1.40 A,R
SULLIVAN JENIFER & WILLIAM,,56 FOX MEADOW,"814,200","128,400","689,900",2021-07-08,1.90 A,R
ODOY BERNARD W JR,RANDAZZO TERESA A,60 FOX MEADOW,"843,900","133,300","155,000",2002-05-28,2.60 A,R
GOETTER THOMAS A + MARY E,,18 FOX MEADOW,"773,000","115,500","605,606",2003-07-01,1.13 A,R
PAVANO MICHAEL,MELQUIST JENNIFER,229 JONES HOLLOW RD,"718,000","150,900","805,000",2023-10-16,12.36 A,R
PACE MARCELLO R & COLLEEN A,,65 FOX MEADOW,"771,500","142,200","199,900",2007-06-19,3.87 A,R
ZICKMAN STEVEN & SUSAN,,44 FOX MEADOW,"751,100","133,800","705,000",2023-02-21,2.67 A,R
ANDREWS WESLEY,,43 FOX MEADOW,"757,400","123,400","815,000",2024-11-12,1.58 A,R
HALL BRENT N & ERIN K,,39 FOX MEADOW,"736,300","150,300","490,000",2016-12-07,5.87 A,R
VAUGHAN JEFFREY A,,79 LAUREL LN,"415,700","98,800","208,000",1998-06-09,1.84 A,R
MOREL TANYA M & ROBERT D,,13 HIGHPOINT COMMONS,"862,200","236,800","940,000",2022-08-12,3.56 A,R
WITCHY KEVIN & HALEY,,65 MILLSTONE DR,"410,100","90,000","460,000",2026-01-08,1.16 A,R
PANDUGAYALA RATHNAKAR,AMMAREDDY VIJAYA,23 HIGHPOINT COMMONS,"919,300","259,100","810,000",2008-07-21,6.61 A,R
GAGAS JOHN,,10 HIGHPOINT COMMONS,"893,700","250,300","100,000",2023-11-07,5.34 A,R
ALFANO ANTHONY III & LISA TRUSTEES,REV LIV TRT,26 HIGHPOINT COMMONS,"935,100","228,600",0,2014-11-20,2.21 A,R
ORAMA LUIS M + SILVA E,,20 HIGHPOINT COMMONS,"874,200","233,800","768,615",2005-09-26,2.95 A,R
ALEXANDRE STEVEN,,30 HIGHPOINT COMMONS,"838,000","234,500","185,000",2003-11-24,3.05 A,R
LACARESSE JASON & JILLIAN,,139 NO MAIN ST,"360,000","111,800",0,2026-05-27,0.48 A,R
FINCH NICOLE & COLIN N,,36 HIGHPOINT COMMONS,"951,300","228,900","125,000",2016-08-11,2.26 A,R
PUESCHEL RONALD C & CAROL A TRUSTEES,,5 HIGHPOINT COMMONS,"867,200","226,600",0,2007-05-18,1.92 A,R
MURPHY  ROBERTA A,,52 HIGHPOINT COMMONS,"940,600","242,400",0,2011-08-15,4.19 A,R
GREEN SHERMAN + ROBIN,,63 HIGHPOINT COMMONS,"932,500","240,100","750,000",2006-07-24,3.85 A,R
OGREN STEVEN,FORNARELLI ANNALISA,66 HIGHPOINT COMMONS,"1,030,500","242,400","150,000",2009-06-11,4.76 A,R
LEBLANC DAVID E & LYNN G,,49 HIGHPOINT COMMONS,"915,200","249,700",0,2022-11-03,5.26 A,R
LOMBARDI REVOCABLE TRUST,,60 HIGHPOINT COMMONS,"1,006,500","232,800",0,2023-08-21,2.81 A,R
HOUSTON MARCHELLE M & MELISSA S,,53 HIGHPOINT COMMONS,"957,400","222,000","175,000",2013-06-03,1.72 A,R
PEDRICK JAMES H + SUSAN M,,47 HIGHPOINT COMMONS,"1,258,800","258,900","209,000",2005-05-12,6.59 A,R
DOYLE DOROTHY N & MARCUS J,,61 BROOK CROSSING,"813,000","136,600","715,000",2013-08-20,3.07 A,R
TESCHKE CAROLYN,GARABEDIAN TODD E,6 HIGHPOINT COMMONS,"1,629,400","224,000","1,764,111",2024-07-15,1.77 A,R
EVANS SARAH S,,17 FARVIEW RUN,"773,800","138,900","767,000",2009-11-12,3.40 A,R
DECKMAN ALAN J,,57 FOX MEADOW,"838,100","128,500",0,2017-11-08,1.91 A,R
PERSAUD KUMARDATT & SANDRA,,27 BROOK CROSSING,"838,800","113,100","580,000",2020-09-29,1.70 A,R
KINDL LIANE TRUSTEE OF,,14 FARVIEW RUN,"689,100","122,300",0,2012-10-22,1.48 A,R
VELTRI DANIEL M & JENNIFER J,,22 FARVIEW RUN,"888,000","117,800","1,002,212",2007-03-19,1.24 A,R
TYSON KENETH S & MICHELLE L,,27 HIGHPOINT COMMONS,"978,100","206,000","1,175,000",2026-04-14,1.19 A,R
CARROLL WALTER F + KATHLEEN,,10 BUCKBOARD LN,"359,600","78,800",0,1979-12-17,1.26 A,R
ROY JEREME & JESSICA,,36 FARVIEW RUN,"734,600","123,400","900,000",2024-06-27,1.55 A,R
SHRIVER PETER A & GAIL C,,97 BROOK CROSSING,"736,100","116,600","863,779",2007-01-18,1.21 A,R
JACKTER ROBBIE H & LIANNA H,,25 HIGHPOINT COMMONS,"896,400","208,000","145,000",2014-04-03,1.24 A,R
TRINH DAN & CAITLIN,,105 BROOK CROSSING,"669,700","117,800","567,000",2016-08-29,1.27 A,R
BRADSHAW PETER & JULIE,,82 SO STONY BROOK DR,"714,400","93,500","775,000",2025-11-10,1.43 A,R
CALABRESE ROBERT E,,25 VICTORIA LN,"559,200","95,300",0,2015-10-22,1.56 A,R
DISOMMA MARIO F & KIMBERLY A,,52 STONY BROOK DR,"737,900","111,300","160,000",2005-12-22,4.84 A,R
HALL GARY J,,44 CHEYENNE CT,"320,600",0,"360,000",2024-05-15,0.00 A,R
WOOD DAVID,,3 FARVIEW RUN,"967,100","141,000","725,000",2017-06-22,5.58 A,R
MOOZA DEBORAH A TRUSTEE OF,,43 CHEYENNE CT,"372,800",0,0,2017-07-24,0.00 A,R
COCCO  MARIO J & VICTORIA J,,42 CHEYENNE CT,"332,100",0,"235,900",2020-10-09,0.00 A,R
MCNAUGHT CARLA,,46 CHEYENNE CT,"332,100",0,"357,000",2025-12-23,0.00 A,R
MALINKA HELEN M,,47 CHEYENNE CT,"357,000",0,"261,000",2022-01-28,0.00 A,R
PUETZER CHRISTOPHER E & JANICE E,,6 FARVIEW RUN,"715,100","121,200","598,000",2020-10-13,1.46 A,R
FROH DEIRDRE M,,48 CHEYENNE CT,"323,500",0,"185,000",2012-07-24,0.00 A,R
TRANTALIS JASON,,45 CHEYENNE CT,"343,200",0,"350,000",2025-07-08,0.00 A,R
PANGILINAN SHAUNA,,50 CHEYENNE CT,"358,700",0,"350,000",2024-09-27,0.00 A,R
NEWLING KAY M,HOWARD MICHELE,51 CHEYENNE CT,"365,600",0,"355,000",2023-06-26,0.00 A,R
COTE CLAIRE MARIE,,91 ROBERTS RD,"273,400","76,900",0,2026-03-09,0.71 A,R
JI CHUNXIN,,49 CHEYENNE CT,"332,300",0,"355,000",2025-12-08,0.00 A,R
HOOPER JOANNE,,52 CHEYENNE CT,"338,700",0,"250,000",2005-09-21,0.00 A,R
GARRETT ALBERT G SR,,57 CHEYENNE CT,"331,900",0,"208,000",2002-11-25,0.00 A,R
COOPER MELISSA R,,53 CHEYENNE CT,"329,400",0,0,2021-06-11,0.00 A,R
LOMBARDI LINDA M,,54 CHEYENNE CT,"354,100",0,"256,000",2021-11-30,0.00 A,R
SHAIN RICHARD V,,46D EDSTROM RD,"88,500",0,"16,000",2012-08-31,0.00 A,R
SENA FRANCES,,30 HODGE RD,"560,900","84,600","469,250",2006-09-08,1.40 A,R
BRUTUS JESSIE M,,56 CHEYENNE CT,"333,900",0,"232,000",2016-03-29,0.00 A,R
BRODELL CHERYL B,,55 CHEYENNE CT,"353,200",0,"202,500",2016-07-01,0.00 A,R
SANHUEZA MARIA C,,49 KELLOGG RD,"540,600","98,600","418,000",2020-08-14,2.42 A,R
ROUILLARD CLAIRE T,,58 CHEYENNE CT,"356,900",0,0,2005-09-30,0.00 A,R
CIESLA ALBINA & GREGORY A,,45 KELLOGG RD,"636,600","97,200","420,500",2012-03-01,2.23 A,R
POWERS MILLER COLLEEN A,,72 HIGH MEADOW RD,"624,600","102,300",0,2021-02-08,1.37 A,R
CIRIBASSI HEATHER,ST MARY CHRIS,46 HIGH MEADOW RD,"655,200","131,300","490,000",2018-05-31,5.01 A,R
SAWYER SCOTT D & KAREN K,,62 HIGH MEADOW RD,"555,200","101,300","470,000",2008-04-16,1.35 A,R
COLEMAN DANIEL,ALVARADO BETSY,80 HIGH MEADOW RD,"638,600","98,400","755,000",2026-04-21,1.13 A,R
TANCHEV ANDRIY,,50 HIGH MEADOW RD,"801,800","105,200","750,000",2022-07-13,1.59 A,R
FITZGIBBONS DENNIS M & MICHELE  J/T,,86 HIGH MEADOW RD,"596,000","96,500","492,500",2008-04-15,1.01 A,R
ANTONELLI MICHAEL & STEPHANIE,,66 HIGH MEADOW RD,"557,100","102,300","542,000",2022-06-08,1.37 A,R
HUTTON WILLIAM F IV + JENNIFER B,,54 HIGH MEADOW RD,"601,800","110,400","507,372",2004-12-21,2.03 A,R
CASTELLANI JAMES J + CATHERINE R,,39 OGDEN LORD RD,"336,400","87,800",0,1900-01-01,1.30 A,R
CONCODELLO MICHAEL,YOUNG MEREDITH,40 HIGH MEADOW RD,"625,200","104,200","394,000",2014-05-13,1.49 A,R
MCLAUGHLIN BRIAN,DALEY MCNAUGHLIN KRISTIN,12 HIGH MEADOW RD,"538,500","99,300",0,2012-10-17,1.40 A,R
LEAHY JAMES + JULIE ANN,,32 HIGH MEADOW RD,"584,400","101,300","519,900",2005-08-02,1.29 A,R
NICOL MARC + JENNIFER,,38 HIGH MEADOW RD,"560,200","99,400","135,000",2004-08-23,1.16 A,R
GILPIN BRENT A & COLLEEN A,,18 HIGH MEADOW RD,"596,200","98,400",0,2011-09-19,1.10 A,R
BERRY STEPHAN T,ROLLINS TABITHA J,26 HIGH MEADOW RD,"556,400","110,800","417,000",2020-09-04,2.08 A,R
CALDERONI ELIZABETH A,,59 HIGH MEADOW RD,"593,400","105,200",0,2013-02-07,1.57 A,R
PASSEN STEPHEN J,MAZZA-PASSEN DANA,97 EDSTROM RD,"505,100","117,400","250,000",2020-08-03,5.41 A,R
KOCHER JEANNE A & FORREST D,,71 HIGH MEADOW RD,"556,000","101,300","399,900",2015-06-04,1.34 A,R
PERSICO CARA,BORUM JEREMY,35 HIGH MEADOW RD,"584,900","101,300","655,400",2023-06-12,1.35 A,R
MCCLURG JARRETT C + KIMBERLY E,,24 HIGH MEADOW RD,"583,700","107,100","415,000",2003-12-08,1.68 A,R
SWANSON JOHN B & MEREDITH L,,21 PAPERMILL RD,"711,700","109,700","459,360",2008-12-31,4.01 A,R
VARDANIAN CHRISTINE,,183 E HAMPTON RD,"337,500","70,500",0,2015-02-02,1.16 A,R
GRELOCH TOMASZ & JENNIFER,,28 SANER RD,"72,900","72,900","43,750",2021-03-03,1.98 A,R
STACHELEK ADAM,JANINE LODYKO STACHELEK       J/T,25 OGDEN LORD RD,"558,700","95,400","340,000",2015-02-17,1.97 A,R
GARRETT JONATHAN T,,32 SANER RD,"613,700","91,200","435,000",2017-06-16,1.98 A,R
PORTER LISA,STOLZMAN MELISSA,25 PAPERMILL RD,"760,800","106,700",0,2025-08-25,3.59 A,R
MORRIS RAYMOND JOHN,LANDER MARY BETH,27 HIGH MEADOW RD,"628,700","106,200","475,000",2019-10-11,1.67 A,R
FLAY ANITA M,,196 FLOOD RD,"609,000","102,100","510,000",2007-03-01,2.92 A,R
OLIN NATHAN & TARYN,,212 FLOOD RD,"897,500","128,700","90,000",2019-04-16,6.78 A,R
WEST JAMES A + PATRICIA A,,8 RUBY RD,"644,400","105,300","130,000",2003-06-16,2.16 A,R
WARNER MATTHEW & JESSICA,,7 RUBY RD,"589,200","103,900","397,500",2018-01-02,1.95 A,R
COREY FAMILY LIVING TRUST,,210 FLOOD RD,"604,000","96,000",0,2025-01-30,2.06 A,R
FRITZ JOHN E,,18 RUBY RD,"828,300","154,200",0,2019-06-11,11.77 A,R
PILKINGTON TIMOTHY J + CARRIE C,,11 RUBY RD,"595,700","107,700","439,000",2004-03-08,2.49 A,R
MEYER DOUGLAS E + BARBARA A,,14 RUBY RD,"661,200","105,900","158,000",2004-02-26,2.24 A,R
GUGLIOTTI JOSEPH A + KAREN E,,21 OGDEN LORD RD,"575,300","104,700","100,000",2002-12-26,3.30 A,R
MARTIN MICHAEL J + LAURIE A,,78 SOUTH RD,"584,400","115,500","130,000",2003-06-26,4.84 A,R
VIGNEAULT JEREMY P & CHRISTINE B,,15 RUBY RD,"643,500","107,700","480,000",2012-03-16,2.50 A,R
MONGE RICHARD P JR,PRESTON TARA T,234 FLOOD RD,"630,000","106,500","470,000",2014-06-06,3.56 A,R
BUCK BRADFORD H + JOANNE E,,18 RIVERVIEW CIR,"496,100","95,500","68,000",1997-03-17,1.98 A,R
ZEISNER LAWRENCE,,112 CHAPMAN RD,"305,100","98,100","269,000",2022-06-17,2.36 A,R
CAVALIERI JAMES R + ARLENE S,,118 CHAPMAN RD,"754,300","266,700","123,698",1997-01-15,27.74 A,R
DECAVA RICHARD,BARNES VERONICA E     J/T,143 WEST RD,"376,800","92,600","205,800",2008-02-26,2.22 A,R
RHEE JOO S & EUNICE R,,59 PORTLAND RD,"691,500","167,400","480,000",2018-01-17,17.00 A,R
MANDY-ROSEN LISa,,38 LAFAYETTE RD,"230,400","76,100","178,000",2021-05-13,0.67 A,R
HAJJAR TYLER LEE,ANZALONE SAMANTHA L,102 SOUTH RD,"854,600","118,500","775,000",2022-11-14,5.30 A,R
106-108 SANER ROAD LLC,,106+ SANER RD,"213,900","74,200",0,2023-02-06,0.75 A,R
PRATT BENJAMIN & JESSICA,,78 SO BUCKBOARD LN,"667,500","100,900","777,000",2026-06-25,2.98 A,R
ANIOLEK REV TRT THE,,28 CARRIAGE LN,"563,100","87,800",0,2019-09-18,1.61 A,R
DENNIS V DUCHARME REVOCABLE LIV TRUST,,76 SO BUCKBOARD LN,"617,900","101,600",0,2018-03-05,3.11 A,R
CHRISTINO FRANK & LANA LIVING TRUST,,27 CARRIAGE LN,"520,000","87,000",0,2025-09-02,1.57 A,R
MOONEY GREGG R + MARY ELLEN,,24 KEIRSTEAD CIR,"234,900","60,000","123,000",1987-10-01,0.29 A,R
HALL J MARK + ROBIN G,,82 NO MAIN ST,"798,900","500,000","275,000",1995-11-21,1.00 A,R
BARONE STEPHEN A &JENNIFER L,,422 JONES HOLLOW RD,"727,200","103,600","140,000",2022-01-28,3.76 A,R
IRIZARRY MARCO + KIM,,7 BLACKLEDGE DR/S,"520,000","76,700","399,379",2006-09-06,1.20 A,R
FRENCH CHRISTOPHER M    SR,REVAZ JULIE,30 BUCKBOARD LN,"766,400","95,700",0,2025-06-10,2.71 A,R
BARONE STEVEN & JENNIFER,,418 JONES HOLLOW RD,"106,600","106,600","140,000",2022-01-28,4.19 A,R
STOCKBURGER SHANNON E,,60 VICTORIA LN,"540,500","102,400","150,000",2010-07-01,2.35 A,R
WINKELER CHELSEY,BOISCLAIR TODD,75 VICTORIA LN,"662,100","95,300","532,500",2018-09-25,1.58 A,R
MACHOWSKI TODD,MACHOWSKI CORINNE,68 VICTORIA LN,"709,800","95,300","90,000",2019-09-30,1.56 A,R
CAMPBEL MICHELLE A,,91 EDSTROM RD,"103,300",0,0,2025-11-05,0.00 A,R
ZANIN FRANCIS E & MEGHAN BLAIN,,170 CHENEY RD,"595,900","150,100","481,000",2020-10-16,2.30 A,R
LASSEN SEAN& NANCY,,167 PAPERMILL RD,"535,700","107,700","550,000",2023-12-08,3.73 A,R
GOLFIN MARGARET & ANDREWS JR,,159 PAPERMILL RD,"797,800","115,900","115,000",2019-06-11,4.89 A,R
SOLLOWAY DANIEL,WALSH DIANE,163 PAPERMILL RD,"712,800","107,200","585,000",2020-12-28,3.85 A,R
SANTOSTEFANO EMILY,SANTANGELO NICHOLAS,81 ROBERTS RD,"427,400","86,100","312,900",2018-06-04,1.16 A,R
COLANTONIO ANGELA R,,65 VICTORIA LN,"654,900","101,000",0,2025-02-25,2.15 A,R
JONES HOLLOW ASSOCIATES LLC,,382 JONES HOLLOW RD,"156,100","156,100",0,2003-04-21,13.85 A,R
NKBB LLC,,59-61 NO MAIN ST 61,"651,900","123,200","525,000",2011-12-28,1.61 A,CG
GILL NEELU,,18 RHONDA WAY,"569,100","112,500","439,900",2014-05-22,1.32 A,R
TRACEY MICHAEL & DONNA C,,38 RHONDA WAY,"511,500","86,800","115,000",2020-09-29,1.48 A,R
KILCOLLUM JUSTIN  & CASSANDRA,,17 RHONDA WAY,"558,700","105,000","438,500",2022-03-30,0.93 A,R
CAVANAUGH CREIG & DANIELA,,33 RHONDA WAY,"555,000","96,900","400,000",2019-01-31,1.22 A,R
BOUTILIER AMY P & LINDSEY L,,39 RHONDA WAY,"530,500","114,700","429,281",2013-12-11,1.46 A,R
POLASKI JON J & CHRISTINA E,,26 RHONDA WAY,"575,800","110,400","437,175",2016-05-17,1.21 A,R
JANIK CHRISTOPHER,ASENIO SUZANNE,63 LAFAYETTE RD,"313,400","86,100","163,000",2016-03-23,1.20 A,R
KURAS RAFAL,SIEKIERSKA IWONA,74 NO PARKER RD,"522,800","94,800","115,000",2023-08-24,1.89 A,R
AMODEO ANNE C,,92 LAKERIDGE DR,"527,600","84,800",0,2017-10-23,0.72 A,R
BOUTILIER LAURA R LIVING TRUST,,27 RHONDA WAY,"100,300","100,300",0,2025-12-12,1.28 A,R
SIMMS CARLILE & SANDRA,,11 COOLEY RD,"530,700","101,000",0,2016-02-08,3.08 A,R
CROWL TIMOTHY & ELIZABETH,,80 NO PARKER RD,"382,500","113,600","150,000",2023-06-22,7.36 A,R
SCACCIAFERRO JOSEPH III,MARQUES SCACCIAFERRO JANE,19 OLD CIDER MILL LN,"1,018,800","510,000","222,000",2015-12-10,1.11 A,R
MATHIAU CHERYL A + MARK R,,151 NO MAIN ST,"273,900","123,500",0,1999-08-30,0.82 A,R
BRANCIFORTE ANTHONY JR & KRISTAMARIE,,96 NO PARKER RD,"728,100","95,900","135,000",2023-06-26,2.04 A,R
CERAMICOLI EDWARD J + JUDITH L LIVING TR,,177 SOUTH RD,"422,400","94,500",0,2026-06-15,1.84 A,R
BAZAN DARIUSZ A & ANETA,,33 HERITAGE DR,"612,500","90,900","350,000",2017-03-27,1.23 A,R
CHOJNICKI MARY T,,55 CHAPMAN RD,"794,400","260,300",0,2017-09-11,34.50 A,R
MOUNDRATY SOURIKHANE & PON P,,404 JONES HOLLOW RD,"577,100","83,800","450,000",2007-08-02,1.30 A,R
TRACEY JEFFREY M & MEGAN J,,32 RHONDA WAY,"733,200","112,500","625,023",2015-07-20,1.33 A,R
BRIDLE BROOK ESTATES LLC,,QUINN RD,"118,100","118,100",0,2018-06-22,17.39 A,R
SECRETARY OF VETERANS AFFAIRS,,323 JONES HOLLOW RD,"404,100","78,800",0,2025-06-10,1.25 A,R
VETTER ZACHARY,,153 WEST RD,"371,900","86,300","239,000",2019-02-25,1.93 A,R
SCHULZE CHRISTINE M,,154 SO MAIN ST,"349,900","81,600",0,2002-12-16,1.84 A,R
FORTIER MICHAEL & JERI,,6 PLANETA RD,"512,400","99,100","540,000",2024-11-19,1.88 A,R
LEMIRE AMY M & PAUL A,,22 PORTLAND RD,"334,600","83,800","217,500",2016-12-06,1.35 A,R
COMINS CHRISTOPHER NELSON II,MURPHY ERIN KATHLEEN,157 SO MAIN ST,"511,200","94,900","328,000",2015-04-13,3.13 A,R
POPE HAVEN & JESSICA,,133 OGDEN LORD RD,"774,300","97,600","645,000",2022-04-04,1.47 A,R
DERRICO MARICELA,,43 CHAPMAN RD,"252,400","68,600","301,000",2025-08-28,0.46 A,R
BOWCOCK STEPHEN W + VIRGINIA R,,149 WEST RD,"384,200","87,200","155,080",1995-03-29,2.05 A,R
CHERVENAK SHEILA R,,31 MAYFLOWER RD,"483,200","94,400",0,2017-04-24,1.51 A,R
CHARTIER MARC & MARIA A,,17 WALNUT DR,"352,400","85,400",0,1987-04-30,1.43 A,R
SMILEY ALFRED R TRUST,,29 ROBERTS RD,"403,700","86,900",0,2025-04-07,1.25 A,R
BUCHBINDER JEFFREY M,,175 E HAMPTON RD,"435,900","81,900","265,000",2012-07-06,2.50 A,R
CHASE DAVID S + LILLIAN A,,41 STAGE HARBOR RD,"354,700","87,800",0,1900-01-01,1.29 A,R
CHEMERYNSKI  JANE V TRUSTEE,CHEMERYNSKI MICHAEL J TRUSTEE,220 NO MAIN ST,"867,900","460,800",0,2014-05-12,0.90 A,R
CHRISTIANA TIMOTHY T,,132+ NO MAIN ST,"444,800","360,000","202,500",2011-10-27,0.20 A,R
MASICHUK STEVEN J,URBANETTI LAURA A,12 QUINN RD,"517,300","144,400",0,2025-02-04,9.42 A,R
CHESKY DARLENE + ALFRED J,,205 E HAMPTON RD,"350,400","70,500","117,000",1986-05-21,1.16 A,R
CHESKY MICHAEL  + BARBARA LIVING TRUST,,14 MAYFLOWER RD,"472,000","92,600",0,2024-12-02,1.37 A,R
VICKERY JACOB & NATALIE,,13 CAFFYN DR,"328,200","69,400","400,000",2025-09-23,0.50 A,R
MURDOCK JOSEPH MARTIN & SHAINNA ELISE,,123 WEST RD,"363,500","90,500","232,500",2020-03-25,1.88 A,R
HARVEY JAMES JR,,38 FLOOD RD,"398,000","86,100","236,000",2019-10-31,1.18 A,R
EDWARDS STEPHEN,,116 DICKENSON RD,"341,400","89,300",0,2010-06-08,2.35 A,R
CHRISTMAS JOAN A,,30 FINLEY HILL RD,"612,600","109,200",0,1900-01-01,5.27 A,R
VINCENZO DARREN J + FRANCINE,,13 RIDGEWOOD DR,"369,100","78,300","257,500",2002-08-19,1.75 A,R
ALVERADO MELISSA,HINES ROBERT ANTHONY,154 CHENEY RD,"465,700","149,400","316,500",2020-10-09,2.20 A,R
CONNECTICUT STATE OF,,PORTLAND RD,"22,900","22,900",0,1900-01-01,3.30 A,R
SCARPACE ANTHONY A & DEBRA A,,288 JONES HOLLOW RD,"446,900","83,800","268,000",2014-12-08,1.34 A,R
MCGUIRE BRENNAN,,35 KELLOGG RD,"379,800","88,600",0,2022-08-11,1.41 A,R
CROSS TAMMY J & CZMYR THOMAS R JR,,12 SOUTH RD,"324,500","91,100","324,900",2021-06-22,1.60 A,R
SANDERS WILLLIAM & SYBIL,,51 DENLER DR,"402,700","79,400","306,000",2021-05-18,0.80 A,R
CARLSON MATHEW & TAMMY,,49 STAGE HARBOR RD,"297,900","87,800",0,2021-05-28,1.33 A,R
HILL CHRISTINA L,,89 SO MAIN ST,"350,900","79,000","290,000",2021-12-01,1.26 A,R
MORALES ARIEL & SARAH,,373 SO MAIN ST,"444,700","88,600","268,000",2012-09-17,1.40 A,R
MCDERMOTT DEVIN ROBERT-JOHN,FITZGERALD EMILY KATHLEEN,105 STAGE HARBOR RD,"410,700","83,600","260,000",2020-11-10,1.01 A,R
FOCHI ASHLEY,,6 MYSTIC LN,"343,100","86,900","360,000",2025-04-30,1.25 A,R
GARMISE STUART D + ELIZABETH M,,22 MILLSTONE DR,"408,900","90,000",0,2025-09-09,1.20 A,R
KATHLEEN C COLBURN REV TRST,,100 CHAPMAN RD,"437,200","86,100",0,2014-10-06,1.20 A,R
CRABLE OLIVIA & BERLINSKI ROBERT,,43 ISLEIB RD,"435,300","86,100","355,000",2021-12-29,1.16 A,R
17 EAST HAMPTON LLC,,17 E HAMPTON RD,"760,600","122,400","575,000",2017-11-03,1.15 A,GC
MCNELLY JANICE L & MCNELLY GRAIG A,,128 NO MAIN ST,"513,700","340,000","525,000",2021-08-30,0.15 A,R
ANDERSON JASON J & CAROLYN,,90 JERRY DANIELS RD,"543,700","89,500","359,000",2013-07-01,1.46 A,R
MAKOWSKI MICHAEL A & KIMBERLY J,,173 SOUTH RD,"391,000","94,500","229,000",2016-05-10,1.84 A,R
DEVINE JOSEPH D IV,DEVINE TAMARA BURKE,456 JONES HOLLOW RD,"406,300","83,800","345,000",2004-09-13,1.35 A,R
STEVENS ZACHARY J & KATELIN A,,44 ROBERTS RD,"328,300","80,300","205,000",2015-06-26,0.84 A,R
CONCODELLO  LOUISE L,,70 MILLSTONE DR,"477,200","90,000",0,2023-08-21,1.16 A,R
HALLDEN BRETT,GRUBE SUSAN R,11 FINLEY HILL RD,"401,100","75,400",0,2023-11-06,1.29 A,R
WADDEN THOMAS R,,444 JONES HOLLOW RD,"329,200","83,000",0,2019-03-01,1.27 A,R
HOULDCROFT TRAVIS & ASHLEY,,53 LAFAYETTE RD,"381,800","83,600","265,000",2020-03-25,1.00 A,R
KARP KATHI J & JOHN A,,42 FLOOD RD,"372,600","86,100","295,000",2005-08-05,1.18 A,R
ZITO LAURA S,,39 LAKERIDGE DR,"1,013,000","391,000",0,2025-07-25,0.71 A,R
BIBLE MARC G,,25 EAGLE ROCK TRL,"560,700","89,200","679,000",2026-08-04,1.90 A,R
RICHARD LYNN M,,53 LAUREL LN,"462,300","89,100",0,2016-05-23,1.14 A,R
CASELLA DEAN SR,DEFELICE AUDRA M,41 SO MAIN ST,"435,600","77,500",0,2025-07-07,1.12 A,R
MICHAUD BRENT,,212 SO MAIN ST,"286,800","66,100","140,910",2014-12-22,0.50 A,R
COOPER THOMAS M,,24 FINLEY HILL RD,"336,300","93,100",0,2024-04-12,2.35 A,R
DELISLE NICHOLAS,,52 JERRY DANIELS RD,"459,600","140,800","279,000",2015-07-01,10.28 A,R
PECOR DANIEL R,,12 HICKORY RD,"228,000","71,400","120,000",2016-02-08,0.77 A,R
CORBEIL ALFRED H JR,SNYDER DORIS J,156 SANER RD,"474,900","132,300",0,1980-10-06,10.02 A,R
PIZZOFERRATO NICOLE A,,129-131 NO MAIN ST,"245,300","101,400","194,000",2016-09-26,0.27 A,R
LARDI WILLIAM,TRAVERSA AMY,153 SANER RD,"251,400","70,200","180,000",2019-10-01,0.55 A,R
COOPER SARAH MARIE TRUSTEE OF,,10 LAFAYETTE RD,"228,800","56,800",0,2019-01-07,0.15 A,R
HENDERSON MARK,,9 DEER RUN,"417,700","89,500","339,540",2023-02-06,1.42 A,R
KACZYNSKI JASON & RACHEL,,26 HERITAGE DR,"439,400","89,100","310,100",2020-08-20,1.15 A,R
BAKER RICHARD A,SEETHALER LISA C,68 PETTENGILL RD,"347,600","76,000","148,000",1999-09-14,0.50 A,R
BORSH OLGA B,,41 DENLER DR,"368,600","79,400","260,000",2021-03-30,0.80 A,R
DENNIS RICHARD M,DENNIS LISA,47 LAKERIDGE DR,"796,000","414,000","550,000",2022-04-28,0.68 A,R
SMITH JULIE A & HARRISON ERICA A,,15 HERITAGE DR,"462,800","98,800","420,000",2021-12-16,1.84 A,R
THOMPSON EARL + SYLVIA,,73 CHENEY RD,"1,190,600","540,000","850,000",2004-01-05,1.50 A,R
CRANFIELD EMMA LOU,,116 WEST RD,"199,200","90,200",0,1900-01-01,1.82 A,R
BEDNARZ JORDAN,,70 FINLEY HILL RD,"318,800","90,300",0,2023-08-15,1.85 A,R
PESZKO SCOTT,,120 WEST RD,"289,700","95,200","200,000",2015-12-31,2.56 A,R
GIUSEPPINA LEONE,,77 ROBERTS RD,"416,600","85,300",0,2020-09-29,1.12 A,R
CRAGGS ELIZABETH T TR,,232 NO MAIN ST,"436,600","73,600",0,2022-01-19,0.53 A,R
WAINWRIGHT RICHARD M JR & SHAWNA T,,122 DICKENSON RD,"346,600","87,000","219,000",2017-03-24,2.03 A,R
ANDERSON IRVING O SR + MARTHA F,,12 PORTLAND RD,"251,200","94,800",0,2003-02-20,2.50 A,R
DOBROUCH ROBERT & VIRGINIA,,8 WALKER LN,"212,600","62,900","205,000",2021-09-28,0.20 A,R
TAYLOR LINDA,,391 NO MAIN ST,"261,900","84,200","190,000",2007-06-01,1.80 A,R
NEUMUTH MARK D & TRACEY S,,14 CAFFYN DR,"244,300","75,000","250,000",2006-05-25,0.77 A,R
THE KONGSCUT LAND TRUST INC,,45 PORTLAND RD,"131,400","131,400",0,2019-10-09,19.30 A,R
CROSBY DONALD L,,20 MYRNA DR,"232,700","65,500",0,1996-11-18,0.53 A,R
LITTLE JOEL L + HEATHER M,,40 HICKORY RD,"245,400","69,200","174,500",2005-04-04,0.65 A,R
FOLSTON CHARLES JR & CHRISTINA,,5 GARDEN LN,"290,900","66,100","264,000",2021-12-08,0.50 A,R
MCGUIRE BRENNAN,,35 KELLOGG RD,"379,800","88,600",0,2022-08-11,1.41 A,R
OCONNELL DEREK ROBERT,,56 DENLER DR,"324,400","88,600","320,000",2023-07-24,1.38 A,R
DIBBLE SWEYDEN & CAROLE,,468 JONES HOLLOW RD,"519,000","90,300","412,500",2020-11-29,1.85 A,R
LUOMA JONATHAN,,46 PORTLAND RD,"281,100","101,900","213,000",2018-07-26,3.51 A,R
KARG ANTHONY,,20 KEIRSTEAD CIR,"309,200","67,600","360,000",2026-03-18,0.58 A,R
CZUJ CHRISTINE M & PETER A,,46 STAGE HARBOR RD,"393,300","86,900",0,2019-09-30,1.28 A,R
OKYERE AUKUA,,37 MILLSTONE DR,"417,100","76,500","360,000",2021-04-07,1.21 A,R
REEVES WENDALL R,,19 HICKORY RD,"300,200","66,100","233,000",2020-12-02,0.52 A,R
CROSSLEY ALAN R & DONNA E,,15 OAK DR,"319,500","84,100",0,2008-03-06,1.72 A,R
BEAULIEU MICHAEL T,,138 WEST RD,"430,300","104,300","290,000",2020-02-21,3.86 A,R
TRASKA MARY JANE L + JAMES L,,54 MILLSTONE DR,"510,200","90,000","255,000",1998-06-24,1.16 A,R
DOBRATZ KATHERINE D,,218 JONES HOLLOW RD,"490,600","88,200","318,500",2015-09-09,2.17 A,R
M DAIGLE REALTY LLC,,165+ SO MAIN ST,"722,600","118,700",0,2026-05-27,6.58 A,R
CURRIER KAREN S,,25 PARKER RD,"380,500","86,200",0,1994-10-18,1.50 A,R
NOACK KEITH F & LINDA V,,57 ISLEIB RD,"371,600","86,900",0,2007-11-06,1.28 A,R
BARTOLD FRANK,,137 SOUTH RD,"366,900","93,600","355,000",2024-02-01,1.79 A,R
KELLY SARAH M,DIPALMA JOSEPH J,119 SOUTH RD,"321,300","73,600","245,000",2008-06-04,0.55 A,R
ANDERSON BONNIE,BRIAN KENNETH,141 JONES HOLLOW RD,"362,700","82,800",0,2023-05-04,1.58 A,R
FERRARI DINO A + LORI,,114 JONES HOLLOW RD,"567,300","171,000","67,000",1992-09-03,18.55 A,R
BURGESS L HEATHER,,85 NO MAIN ST,"239,600","100,100","192,000",2020-05-20,0.26 A,R
MARTEL KATERYNA,,17 HICKORY RD,"252,600","72,200",0,2023-06-08,0.81 A,R
MUCHA ROBERT P,KELLEY KATHERINE L,125 WEST RD,"362,500","90,500","182,000",1989-08-10,1.88 A,R
SCHUSCHKE FAMILY LIVING TRUST,,45 CHENEY RD,"856,600","513,000",0,2026-05-08,1.50 A,R
CAIRNDUFF MARTIN  P + ANNA MARIA,,185 JONES HOLLOW RD,"466,200","86,000","220,000",1988-11-07,1.86 A,R
ROSSITTO MICHAEL,,54 PORTLAND RD,"271,500","79,800","126,000",1998-08-25,1.00 A,R
DUPRE DANIEL C + BETH L,,25 HERITAGE DR,"494,600","90,000","200,500",1997-08-18,1.18 A,R
NETWORK INC,,102 JERRY DANIELS RD,"553,800","89,500",0,2011-06-02,1.42 A,R
BLAMIRES CLARK + SHAKUNTALAH,,17 PORTLAND RD,"273,900","91,100","165,000",2000-11-16,2.11 A,R
LESICZKA THOMAS S,,225 JONES HOLLOW RD,"442,600","82,100","255,000",2018-07-18,1.48 A,R
DANIOLOS NICKOLOS P + DONNA L,,44 FLOOD RD,"321,100","86,100",0,1900-01-01,1.17 A,R
TANG-SIMMONS SANDY M & JASON A,,170 SO MAIN ST,"419,700","71,100","250,000",2019-04-01,1.25 A,R
MICHALSKI MICHAL D + BOZENA M,,18 PORTLAND RD,"378,800","82,200","117,000",1994-05-13,1.20 A,R
FRAKL MARK H,,109 DICKENSON RD,"319,700","79,600","213,900",2017-07-20,1.33 A,R
CYRANKOWSKI THOMAS A,,46 PHELPS RD,"280,800","79,800","135,000",1999-11-01,1.00 A,R
SCHULTZ JASON & KELLEY,,22 HICKORY RD,"235,000","73,700","270,000",2024-03-18,0.88 A,R
FLORES TIFFANY M,,8 LAFAYETTE RD,"259,400","62,700","365,000",2026-04-28,0.23 A,R
EVANS SANDRA,,20 DENLER DR,"374,400","83,600","225,000",2014-09-05,1.00 A,R
VROOMAN DAVID A,,56 KEIRSTEAD CIR,"210,700","66,900","171,450",2016-12-12,0.56 A,R
BURNS MEGAN ELIZABETH,,23 HICKORY RD,"240,100","66,100","260,000",2023-05-03,0.52 A,R
HUDOCK KRISTINE G,,462 JONES HOLLOW RD,"520,400","90,300","275,000",1996-02-01,1.86 A,R
KEAVENY ELIZABETH,MCKUSICK ROBERT J    J/T,38 DEER RUN,"317,800","87,800",0,2014-11-07,1.32 A,R
FARRAR DAVID + SHELLEY,,28 STONY BROOK DR,"347,200","86,900","137,000",1997-04-14,1.26 A,R
DANIELS KAREN L,,12 FLOOD RD,"326,600","81,300",0,2016-12-05,1.49 A,R
CARINI JENNIFER L,POPHAM JEFFREY D,11 OLD CIDER MILL LN,"808,600","500,000","865,000",2022-06-16,1.00 A,R
ADERMAN KELSEY M,MCMAHON DAVID J,73 SO STONY BROOK DR,"485,900","95,300","345,000",2015-08-20,1.55 A,R
TYLER NANCY M & AARON W,,24 LAFAYETTE RD,"650,900","76,900",0,2015-03-31,0.70 A,R
NATALIE T DANA FAMILY TRUST,,34 KELLOGG RD,"392,000","97,600",0,2020-09-03,2.28 A,R
DEAN DAVID R + ANGELA C,,89 PETTENGILL RD,"362,500","87,400","144,000",1998-10-15,1.00 A,R
DEGRAY TERRY + PENNY M,,93 SOUTH RD,"305,400","86,900",0,1982-05-27,1.25 A,R
ROMANCHUCK KEVIN M & AMY P,,15 RIVERVIEW CIR,"450,600","94,500","307,000",2014-07-18,1.84 A,R
BLUNT DEREK & JACQUELYN,,76 FINLEY HILL RD,"721,800","90,300","533,000",2019-06-28,1.85 A,R
DELL AERA CARMELA,,69 LAUREL LN,"483,000","101,700",0,2025-04-21,2.25 A,R
CESNAK KASSANDRA,,119 CHENEY RD,"332,100","114,400",0,2020-11-03,0.55 A,R
DENNO RICHARD F,,417 JONES HOLLOW RD,"372,100","83,000",0,2018-06-28,1.25 A,R
CARBONE ANTHONY & MARITA,,38 PARKER RD,"460,800","269,200","600,000",2026-04-30,28.75 A,R
HOOD MATTHEW W + PATRICIA M,,70 PARKER RD,"389,800","91,300","130,800",1997-05-20,2.00 A,R
PANECCASIO ALAN P + JENNIFER L,,71 WEST RD,"536,600","96,600","375,000",2001-08-20,2.98 A,R
ANTHONY ALLEN Z + CAROLE B,,214+ NO MAIN ST,"737,600","460,000",0,1900-01-01,0.71 A,R
VALENZUELA JOEL & ERIN,,93 EDSTROM RD,"455,900","87,400","480,000",2025-03-06,1.00 A,R
DERRICK KENNETH E + DEBORAH A,,26 RIDGEWOOD DR,"422,100","87,200",0,1900-01-01,1.34 A,R
DEVANNEY GERMAINE,,9 ISLEIB RD,"359,100","84,400",0,2010-11-12,1.06 A,R
DERICK PATRICIA A + ROSS E,,5 HICKORY RD,"275,000","66,100",0,1900-01-01,0.51 A,R
HERPST CAROL V,,76-78 JOHNSON RD,"493,300","91,500","240,000",2014-12-17,2.02 A,R
CAMPBELL HEATHER M,,89 EDSTROM RD,"82,900",0,"80,000",2010-05-24,0.00 A,R
COCHEFSKI DAVID + MARY,,27 RIVERVIEW CIR,"454,000","95,700","245,000",2000-09-18,2.01 A,R
OESCHGER SAMUEL,,112 EDSTROM RD,"344,700","137,100","349,750",2025-07-21,9.20 A,R
BARGANIER ROBERT & DIANE,,104 WEST RD,"556,000","84,100","454,000",2022-08-11,1.70 A,R
COFFEY THOMAS F & CHERYL,,264 NO MAIN ST,"277,700","67,800","240,000",2006-07-05,0.65 A,R
MAROCCHINI ANDREW,,10 BLACKLEDGE DR/S,"575,000","109,700","390,000",2005-03-21,9.21 A,R
RODRIGUES MELANIE,,31 STAGE HARBOR RD,"305,000","86,900",0,2025-07-11,1.27 A,R
HOYLAND MARK EDWARD,,142 SANER RD,"295,900","93,400",0,2016-07-20,2.30 A,R
KAISER RAYMOND C + MELINDA M,,110 JERRY DANIELS RD,"401,800","88,600","228,000",1999-11-16,1.39 A,R
DORTON BRODY T,KRISTIN GRANT,158 SO MAIN ST,"351,200","78,800",0,2023-12-12,2.06 A,R
DEPIETRO WILLIAM V JR + SANDRA,,11 ROBERTS RD,"347,500","77,700",0,1900-01-01,0.75 A,R
COTTER DAVID D & COURTNEY M,,84 CHENEY RD,"441,100","124,800","320,000",2013-07-29,0.85 A,R
SHEA MARK P + STEPHEN M,,24 HODGE RD,"294,400","101,600","60,000",1999-09-01,3.44 A,DBIZ
DOBROWOLSKY LEON W + DARLENE M,,39 FINLEY HILL RD,"520,500","164,100",0,1900-01-01,14.64 A,R
KRENICKY CAROL D & RUSSO CARL,,34 LAFAYETTE RD,"310,700","76,100",0,2021-09-24,0.65 A,R
OBRIEN SEAN & AMANDA,,121 EDSTROM RD,"510,000","131,700","434,000",2024-02-26,5.96 A,R
MCNALLY KATHLEEN ESTATE,,31 LAKERIDGE DR,"732,100","372,000",0,2025-04-14,0.73 A,R
DOOLEY JOSEPH A,,64 WEST RD,"353,900","83,000",0,2003-11-13,1.25 A,R
HANEY MARILYN C,,19 COLEMAN LN,"571,600","390,000",0,2003-11-14,0.28 A,R
KALISZ THEODORE & ROSALIE TR,,35 HEMLOCK DR,"372,400","87,800",0,2024-09-16,1.35 A,R
KINGSLEY HUBERT P,,245 JONES HOLLOW RD,"632,100","86,100",0,2019-07-08,1.87 A,R
DOUCETTE RICHARD P & JOAN K,,222 WEST RD,"333,200","93,400",0,2018-06-15,2.30 A,R
DOUGAN  SANDRA F ESTATE,,56 LAFAYETTE RD,"371,700","66,900",0,2025-01-28,0.31 A,R
DODGE ELLIOT B JR + LYNN S,,223 WEST RD,"373,700","83,000",0,1900-01-01,1.25 A,R
GEBHART ALEXANDER & SAMANTHA,,97 WEST RD,"654,200","119,300","665,000",2025-07-30,6.04 A,R
ECKHOFF BRENDON M,SUGERMEYER LAURA C,67 ROBERTS RD,"411,400","86,900","301,000",2015-06-05,1.23 A,R
BURNS GINA M,,46 HEMLOCK DR,"469,100","96,100","310,000",2004-08-23,2.07 A,R
BARRETT CASEY JOHN,,32 CHENEY RD,"371,900","113,100","316,000",2025-04-22,0.50 A,R
DONER ALFRED A JR + KATHLEEN J,,12 DEER RUN,"346,300","86,900",0,1990-04-11,1.27 A,R
TA CT HOLDINGS LLC,,41-45 HEBRON RD,"989,500","386,100","1,005,000",2025-03-06,36.55 A,DC
DOTIWALLA HOSHANG S + PERVIZ H,,24 MYRNA DR,"220,900","66,300",0,1900-01-01,0.57 A,R
DAMICO CHRISTOPHER THOMAS & TRACI LYNN,,41 SO BUCKBOARD LN,"418,400","89,500","359,900",2016-12-16,1.44 A,R
BERMUDEZ KIMBERLY L,,165 FLOOD RD,"363,300","88,600","230,000",2010-05-17,1.39 A,R
GOTTA ROBERT,YALE LINDSAY,24 EDSTROM RD,"456,100","98,500","285,000",2020-07-20,3.03 A,R
STACK MATTHEW & REBECCA,,294 JONES HOLLOW RD,"597,500","82,200","793,000",2026-05-18,1.20 A,R
BELANGER PARTICK E & LISA M,,24 JOHNSON RD,"395,500","74,200",0,2017-02-15,0.75 A,R
ORLOWSKI RYAN,,16 CARRIAGE LN,"437,700","83,000","461,800",2025-06-25,1.25 A,R
CASALE GEORGE L + TAMBERLA F,,58 FINLEY HILL RD,"410,400","90,200","235,000",1988-05-04,1.84 A,R
DYNAK CASIMIR S & DANUTA,PELLETIER VIOLETA J,2 STAETH RD,"412,100","77,300",0,2013-01-14,1.81 A,R
KUHRT AMY ROLLINS & BRIAN CHRISTOPHER,,22 DEER RUN,"401,200","86,900","275,000",2017-01-12,1.25 A,R
FARRIS DAVID T + PAMELA M,,28 DICKENSON RD,"459,800","85,700","147,000",1992-09-11,1.84 A,R
DUCHON SCOTT & HEATHER,,52 DICKENSON RD,"415,400","91,800","280,000",2020-08-17,2.07 A,R
PINA CARLOS A + ROSINDA M,,106 JERRY DANIELS RD,"551,900","88,600",0,2003-12-09,1.39 A,R
BRANDER PETER RICHARD,MARKEY KERRY E,224 WEST RD,"397,200","90,300","264,500",2015-03-26,1.85 A,R
HOLLISTER CHRISTOPHER & SUZANNE,,9 STANDISH DR,"406,900","95,400",0,2022-09-20,2.58 A,R
NASTRI MICHAEL A + LINDA A,,64 MILLSTONE DR,"396,300","90,000","195,000",2000-05-01,1.16 A,R
BERMAN DEVON & JORDAN,,76 ROBERTS RD,"431,700","79,400",0,2021-03-19,0.80 A,R
DZIADYK RAYMOND M,,26 STAGE HARBOR RD,"331,300","87,800",0,1996-10-01,1.30 A,R
SAGLIO FRANK D,,46F EDSTROM RD,"67,200",0,"15,000",2016-01-12,0.00 A,R
CUDGMA REVANNA S & MATTHEW P,,9 HERITAGE DR,"526,600","99,000","340,000",2019-05-07,1.87 A,R
ARRUDA ELAINE S,,35 EAGLE ROCK TRL,"488,400","101,100",0,2021-04-14,2.20 A,R
M A A H PROPERTIES LLC,,31-33 NO MAIN ST,"519,900","107,100","525,000",2024-07-25,1.20 A,GC
DACUNHA MICHAEL,,62 LAUREL LN,"433,000","89,100","335,500",2023-12-01,1.15 A,R
EASTMAN PHILIP L + KATHERINE L,,191 E HAMPTON RD,"327,200","69,800",0,1900-01-01,1.15 A,R
RYBAKOV BORIS & XU YUN YUE,,32 LAUREL LN,"708,000","99,000","555,000",2022-02-04,1.87 A,R
EAST GLASTONBURY FISH + GAME INC,,7 PLANETA RD,"831,300","655,300",0,1900-01-01,91.50 A,R
KMEC LORI A,,68 JERRY DANIELS RD,"447,300","96,000","319,900",2010-12-21,2.05 A,R
ROMANOWSKI JEFF,BENNETT JAMIE B,51 SOUTH RD,"426,800","74,600","304,900",2005-08-23,1.29 A,R
PAUL MARK J,PAKULIS-PAUL KAREN,17 E LAKE RD,"966,900","437,000","276,000",2017-11-28,0.69 A,R
FELIX PAUL + ELLEN M,,42 ISLEIB RD,"373,600","83,600","196,000",2001-08-01,1.00 A,R
WETMORE RYAN,SHUMBO ASHLEY,36 JERRY DANIELS RD,"445,600","98,100","472,000",2023-06-02,2.35 A,R
PATEL HIMANDIBEN & BHRANTIJ J,,9 MYRNA DR,"305,800","68,500","430,000",2026-07-01,0.70 A,R
MCGILL M & PATRICK,MCGILL B   CO TRUSTEES DEBRA,48 JERRY DANIELS RD,"481,400","95,100",0,2020-06-15,1.92 A,R
MACIAG + MARC + DIANNE,,56 JERRY DANIELS RD,"462,100","122,500",0,2003-10-29,5.88 A,R
DECARO ANTHONY S & SUSAN M,,66 LAUREL LN,"533,400","89,100","280,000",2006-04-17,1.15 A,R
GENTILE KEVIN C + DIANE Y,,18 STONY BROOK DR,"499,500","92,800","345,000",2003-08-01,1.70 A,R
HASSETT JOHN D + KIRSTEN H,,12 STONY BROOK DR,"485,600","95,100","375,000",2002-08-23,1.92 A,R
HOOPER CHARLES & DEBORAH,,8 PINE GROVE RD,"693,400","86,900","500,000",2021-10-18,1.27 A,R
CALDARA NICHOLAS J,,106 JOHNSON RD,"273,700","91,800",0,2012-02-02,2.07 A,R
DELLAROCCO KIRSTEN,,314 JONES HOLLOW RD,"427,800","83,000","190,000",2001-11-21,1.25 A,R
FIELD KELLY E,,56 ISLEIB RD,"492,800","84,400","520,000",2023-10-01,1.07 A,R
EPPINGER ROBERT L + BROOKE H,,14 DEER RUN,"335,100","86,900",0,1900-01-01,1.25 A,R
GORTON STUART C & JACQUELINE J,,222 SOUTH RD,"668,200","363,600","480,000",2021-07-29,58.80 A,R
LUBY DONNA R,,68 MILLSTONE DR,"372,500","90,000",0,2024-12-11,1.16 A,R
MCWILLIAMS STEVEN + JULIA E,,20 DICKENSON RD,"361,100","83,000",0,2004-03-12,1.26 A,R
ERIKSON AIMEE,,24 PHELPS RD,"311,800","83,800",0,2016-11-07,1.30 A,R
LANGLOIS ALEXANDER,,183 NO MAIN ST,"415,000","131,300","300,000",2022-05-04,1.04 A,R
ERVICK GAIL A,,76 HEBRON RD,"278,500","68,400",0,2014-10-24,1.00 A,R
ERVICK GLEN A + FALVEY KATHLEEN,,83 HEBRON RD,"290,700","69,800",0,1993-03-25,1.13 A,GC
ALDRICH BENJAMIN IRA & TANYA MARIA,,149 JONES HOLLOW RD,"474,100","91,900",0,2020-12-29,2.70 A,R
EURICH SAMUEL D + MARY V,,37 PHELPS RD,"288,000","82,200",0,1900-01-01,1.16 A,R
THORNTON ALFRED,SKURTOWICZ MEGHAN M,159 FLOOD RD,"357,500","89,500","249,000",2020-01-22,1.42 A,R
CONLON PETER B & MICHELE B TRUSTEE,,29 CHENEY RD,"1,363,200","537,900",0,2018-08-14,2.00 A,R
BORSH PETER,,92 DICKENSON RD,"365,300","90,300",0,2014-09-22,1.85 A,R
VICINO THOMAS JR,,30 QUINN RD,"468,600","104,800",0,2024-03-12,3.31 A,R
FONTANA RICHARD F,HANOIAN FONTANA AMY L,4 BLACKLEDGE DR/N,"429,200","84,200","294,002",2004-10-26,1.84 A,R
17 KINSLEI LLC,,226 NO MAIN ST,"226,800","87,100","250,000",2025-06-23,0.95 A,R
BUTLER DONALD J + PATRICIA A,,50 PORTLAND RD,"346,300","79,800","235,000",2005-03-10,1.00 A,R
PATEL SAMIR & HEATH ANKITA,,24 DICKENSON RD,"358,900","83,800","321,000",2021-09-01,1.29 A,R
CIPKAS STANLEY A JR + JENNIFER G,,70 SO STONY BROOK DR,"385,600","96,100","161,500",1997-11-20,1.61 A,R
DEBELLA ANNMARIE TR,,46G EDSTROM RD,"67,400",0,0,2025-11-12,0.00 A,R
WINTERS MARK,REGAN RACHAEL,20 SCHOOL DR,"334,600","72,200","415,000",2024-03-26,0.82 A,GC
FEATHERS PAMELA S,,49 LAFAYETTE RD,"547,300","86,100",0,1994-06-06,1.22 A,R
FELLMAN GARFIELD L II + ROSE M,,14 ALDEN CIR,"406,200","103,800",0,1900-01-01,3.17 A,R
SILVESTRI JOHN,COLBERT AMANDA,138 FLOOD RD,"567,900","118,800","575,000",2025-10-02,4.70 A,R
FARQUHAR JAMES B + ROBIN T,,23 RIDGEWOOD DR,"442,300","99,900",0,1900-01-01,2.02 A,R
BARAN JASON R + ROBIN L,,43 OGDEN LORD RD,"420,700","88,600","143,750",2001-06-28,1.40 A,R
ORZEL EDWARD,,52A PORTLAND RD,"404,200","98,000",0,2003-01-14,2.96 A,R
ROTHSCHILD INTERNATIONAL REAL ESTATE GRO,,54 CHENEY RD,"521,100","124,800",0,2023-09-14,0.85 A,R
DIAMOND THOMAS ROBERT,,78 PETTENGILL RD,"279,700","78,700","172,500",2019-08-27,0.62 A,R
GARFIELD KEITH & CLAUDIA,,202 SO MAIN ST,"324,600","76,000","232,600",2017-11-22,1.00 A,R
BURGER DANIEL J,,30-32 EDSTROM RD,"379,900","92,000","107,000",1998-09-22,2.10 A,R
GATES ELI C,,28 DEER RUN,"352,000","108,800","380,000",2025-06-30,3.88 A,R
MCKELVEY JAN JR & MCKELVEY DOREEN,,113 STAGE HARBOR RD,"342,000","83,600","337,000",2021-06-30,1.01 A,R
PARADIS ROGER G & PATRICIA M,,8 WILLIAMSBURG RD,"353,200","86,900","257,000",2011-08-01,1.25 A,R
FISH CAROL ANN LIVING TRUST,,21 CAFFYN DR,"542,700","69,400",0,2025-06-24,0.50 A,R
GLOSS LONETTE TRUST,,188 NO MAIN ST,"401,900","114,400",0,2026-07-17,0.53 A,R
BANBURY NICOLETTE M,,21 CHENEY RD,"893,300","538,400",0,2022-01-19,2.07 A,R
STIMPSON ASHLEY T,,166 SO MAIN ST,"370,100","71,100","340,000",2025-09-10,1.26 A,R
ROBERTS LEAH & CRAIG,,17 OAK DR,"422,500","84,600","275,000",2019-05-31,1.40 A,R
ENOS SHAUN M,,44 SO STONY BROOK DR,"338,700","90,900","435,000",2026-04-01,1.26 A,R
PRIOR CHRISTINA M,,45 STAGE HARBOR RD,"320,500","86,900","350,000",2023-12-18,1.28 A,R
BREAU ROBERT J + KASHA Z,,101 EDSTROM RD,"253,200","93,800","119,000",1993-10-19,1.84 A,R
SCHNELL FRIMA J,,71 PARKER RD,"712,400","202,500","485,000",2004-10-13,20.40 A,R
MAKOSKI DAVID M + BROWN SUSAN J,,105 EDSTROM RD,"443,400","118,300","184,000",1995-09-05,4.63 A,R
ARGIROS VIRGINIA S,,38 KELLOGG RD,"623,700","99,200",0,2003-02-20,2.51 A,R
ROSARIO SOLIERYS,,118 JERRY DANIELS RD,"336,000","90,300","225,000",2018-02-15,1.54 A,R
MARTIN ASHLEY,,51 ISLEIB RD,"85,300","85,300","433,000",2025-07-15,1.11 A,R
MORELAND ROBERT W + KIMBERLY L,,40 EDSTROM RD,"324,500","90,600",0,2002-09-24,1.90 A,R
VICENTE LUCAS,GUAPISACA CHOCO,22 OAK DR,"483,000","108,700","400,000",2025-08-07,5.17 A,R
SILVESTRI JUSTIN ANTHONY,,32 KELLOGG RD,"392,500","96,500","319,000",2022-09-01,2.13 A,R
LABAS CHRISTINE,,39 HICKORY RD,"276,100","66,100","152,000",2000-12-18,0.50 A,R
VENEZIANO GUY,,160 JONES HOLLOW RD,"315,400","79,000","247,500",2010-10-27,1.26 A,R
BURGESS LAWRENCE MICHAEL,SMITH-BURGESS MELISSA MAE,89 JONES HOLLOW RD,"412,100","87,900",0,2018-08-30,2.13 A,R
OBRIEN SEAN J & KRISTEN C,,17 CARRIAGE LN,"466,000","83,000","295,000",2014-10-16,1.25 A,R
LANATA DAVID & BRENDA,,19 ROBERTS RD,"335,200","78,600",0,2012-04-04,0.79 A,R
SCHWARM DAVID R + SHERRY M,,44 SOUTH RD,"449,700","98,700","243,750",2002-04-25,3.03 A,R
DIETZ SHAWN F,,261 JONES HOLLOW RD,"388,700","83,600","310,000",2017-06-02,1.61 A,R
MCBURNEY COURTNEY P,ACKLEY BRIAN T,23 CAFFYN DR,"385,900","79,800","248,000",2017-10-17,1.00 A,R
DENNISS CLIFFORD M + DOROTHY,,111 CHENEY RD,"311,400","114,400","181,000",2003-08-28,0.54 A,R
ABRANTES JOSE & APRIL LYN,,61 MILLSTONE DR,"306,500","81,000",0,2023-05-01,1.17 A,R
ANDERSON KENNETH P + ROBIN D,,47 HODGE RD,"287,000","94,300","160,000",2000-10-11,2.63 A,R
HORNE PETER W,,367 JONES HOLLOW RD,"251,500","96,600","120,000",1997-04-24,2.76 A,R
HALL GARY C,,58 PARKER RD,"435,400","106,300","420,000",2023-11-28,6.50 A,R
ARMFIELD BARBARA P,,46 DENLER DR,"396,900","84,400",0,2012-09-11,1.04 A,R
THERRIEN JEREMY E & BRITTNEY M,,116 E HAMPTON RD,"346,500","73,900","215,000",2016-06-21,1.50 A,R
MENDOZA JEREMIAH & YISSEL,,120 E HAMPTON RD,"408,200","72,700","427,500",2026-06-01,1.61 A,R
SZOLOMAYER JULIA,,37 ROBERTS RD,"412,100","86,900","287,000",2020-12-14,1.25 A,R
MIRABAL ROBERT M,,72 ROBERTS RD,"392,800","80,300","340,000",2018-11-27,0.83 A,R
FRIES KEVIN J,,51 CHENEY RD,"925,500","505,000",0,2020-05-18,1.09 A,R
CONNECTICUT STATE OF,,ISLEIB RD,"231,400","231,400","142,200",2003-05-14,28.30 A,R
GORMAN ERICA M,,186 NO MAIN ST,"755,500","430,000","500,000",2019-10-11,0.46 A,R
BRUCE JOSHUA R & NINA R,,112 E HAMPTON RD,"397,700","72,500","270,000",2018-06-27,1.41 A,R
CHACE DYANNE J,,27 KEIRSTEAD CIR,"220,800","56,200",0,1998-02-12,0.22 A,R
SEIDEL WAYNE ELLIS & HOLLY,,96 PETTENGILL RD,"371,700","74,300",0,2018-11-02,0.45 A,R
CLARK KRISTA A,,46C EDSTROM RD,"113,600",0,"30,000",2011-10-24,0.00 A,R
MONTAUTI SARA E & JOHN L,,38 SO BUCKBOARD LN,"422,100","87,800","338,550",2019-07-02,1.34 A,R
FUSCO ANDREW A JR & MARGARET M,TRUSTEES OF,75 ROBERTS RD,"351,400","84,400",0,2018-04-17,1.06 A,R
HAYES KYLE P,,209 JONES HOLLOW RD,"347,400","86,900","345,000",2022-10-07,1.99 A,R
ERICSON DANIEL & CRAYO DAWN S,,89 DICKENSON RD,"359,600","89,400",0,2021-08-26,1.77 A,R
FULLER RANDY J,,195 JONES HOLLOW RD,"607,200","100,300",0,2017-12-07,3.89 A,R
ROGERS MICHAEL D & MARTHA W,,78 JONES HOLLOW RD,"284,500","72,200","175,000",2015-04-01,0.82 A,GC
FULLER  REBECCA A REVOCABLE TRUST,,23 LAUREL LN,"382,400","93,500",0,2023-08-28,1.44 A,R
TREAT ROBERT K + WENDY A,,150 SANER RD,"407,900","90,200","169,000",1994-05-16,1.80 A,R
GALLAGHER RICHARD L + ARLENE S,,88 NO PARKER RD,"402,900","97,000",0,1900-01-01,2.22 A,R
PATTERSON COREY,ELIZABETH DIANA,30 DEER RUN,"397,400","87,800",0,2024-05-13,1.29 A,R
GAGNON  TRUSTEES OF FAM TRST JEFFREY H,,140 WEST RD,"303,700","72,600",0,2020-05-18,0.64 A,R
RAFTER ROBERT & ELISA,,BEVERLY LN,"78,600","78,600","100,000",2026-07-16,0.76 A,R
GARDINER PATRICIA LYNN,,51 STAGE HARBOR RD,"409,200","87,800",0,1900-01-01,1.35 A,R
CONKLING ANTHONY,,52 FLOOD RD,"366,200","86,100","269,900",2013-08-07,1.16 A,R
PIEL ALEXANDRA MARIE,,65 PETTENGILL RD,"307,000","78,700","180,000",2020-06-23,0.63 A,R
CHOTKOWSKI MICHAEL,,10 STURBRIDGE RD,"353,400","86,900",0,2014-10-02,1.25 A,R
ENDRELUNAS GREGORY DANIEL,ENDRELUNAS HEIDIE-MARIE A,55 FINLEY HILL RD,"495,300","92,400",0,1992-03-12,2.15 A,R
SANFORD KYLE & EMILY,,12 SANDY LN,"449,100","86,400","525,000",2025-07-01,1.27 A,R
EARHART JAYNE & DANIEL J,,38 STAGE HARBOR RD,"355,000","87,800","260,000",2011-10-21,1.30 A,R
GARRETT JAMES R + LINDA F,,52 KELLOGG RD,"337,900","91,100",0,1900-01-01,1.60 A,R
LIN FONG MING,,51 JOHNSON RD,"375,500","82,200",0,2008-05-22,1.22 A,R
PILZEK ANNA,,139 HEBRON RD,"356,300","76,100",0,2024-10-08,2.87 A,R
KAPLAN LEONARD E & JUDITHE H,,11 PORTLAND RD,"406,800","101,400","399,900",2009-07-24,5.05 A,R
ASKLAR JOSEPH J + CAROL C LIVING TRUST,,152 NO MAIN ST,"745,800","310,500",0,2026-06-22,0.16 A,R
GAUDINSKI ROBERT J + CATHERINE D,,89 CHAPMAN RD,"655,000","126,200",0,1983-08-09,6.41 A,R
LYONS RICHARD M & COLLEEN L,,7 MYRNA DR,"234,200","68,500","160,000",2014-11-10,0.70 A,R
VILLAR MICHELLE A,,103-109 HEBRON RD,"437,800","77,800","640,000",2026-01-08,1.91 A,R
GELSOMINI DOROTHY M,,19 STANDISH DR,"408,800","83,000",0,1900-01-01,1.26 A,R
SCHULTZ DENNIS R ESTATE,,7 ALDEN CIR,"431,900","88,600",0,2025-01-31,1.37 A,R
MALDONADO LYNNE,,210 SO MAIN ST,"273,500","66,100","244,900",2020-11-19,0.50 A,R
GEORGIADES LEA,,19-21 EDSTROM RD,"363,400","95,600",0,2026-07-06,2.80 A,R
KABARA ZBIGNIEW J & BARBARA,,101 JONES HOLLOW RD,"466,800","93,900","275,000",2005-10-24,2.99 A,R
FORSMAN RYAN JAMES,,102 DICKENSON RD,"383,600","95,200",0,2021-09-28,2.55 A,R
GILBERT  MARK & CAROL,COOPER JESSICA & JOHNSON LEAH,72 NO PARKER RD,"559,700","234,500",0,2020-10-15,25.23 A,R
OBRIEN ALEXANDER,,14 STURBRIDGE RD,"343,600","86,900",0,2020-01-23,1.25 A,R
ALLOCCA CRAIG A,,60 KEIRSTEAD CIR,"335,100","69,900",0,2020-08-19,0.68 A,R
PEER TIMOTHY,FRISK MARY-LOU,125 SO MAIN ST,"881,000","280,100","150,000",2021-05-20,32.00 A,R
SCHWARTZ AARON & SARA,,147 SO MAIN ST,"325,200","70,700","284,000",2022-01-05,0.75 A,R
LAFFIN PATRICIA,,72 SO BUCKBOARD LN,"391,400","88,600",0,2023-09-13,1.39 A,R
BURKHART KURT M,,203 SO MAIN ST,"281,300","84,400",0,2015-07-28,1.70 A,R
CHAFFIN WILLIAM,,60 DICKENSON RD,"385,500","92,800","237,000",2020-05-14,2.86 A,R
ALIGATA DONNA M + KENNETH J,,135 WEST RD,"383,100","90,500",0,2003-05-16,1.88 A,R
MALAYKHAN FRANCIS R,BISCETTE JERMAINE,11 BLISH RD,"670,500","93,600",0,2007-01-31,2.49 A,R
FARNSWORTH AMANDA,,79 DICKENSON RD,"360,000","84,600",0,2019-07-29,1.37 A,R
ASKLAR JOSEPH J JR + CAROL C LIVING TRUS,,24 ISLEIB RD,"546,800","108,100",0,2026-06-22,3.78 A,R
BRIDLE BROOK ESTATES LLC,,10 QUINN RD,"2,077,000","317,000","1,275,000",2018-06-22,36.02 A,R
KOENIG JOHN T,,66 DENLER DR,"431,700","88,600","258,000",2003-06-02,1.40 A,R
COMEAU SANDY M,,89 ROBERTS RD,"277,600","74,400","152,500",2000-12-01,0.58 A,R
LAWTON SCOTT R & PATRICIA D,,136 DICKENSON RD,"383,700","84,600",0,2007-06-06,1.40 A,R
VISCO RICHARD M & NANCY A,,180 NO MAIN ST,"673,900","420,000","640,000",2009-08-13,0.40 A,R
MATTHEWS SEAN,,62 DENLER DR,"492,800","88,600","275,000",2014-08-19,1.40 A,R
GOLDSTEIN RONALD A + BRUCE I,,16 E HAMPTON RD,"513,000","109,100",0,1994-06-03,1.06 A,GC
GOSSELIN BARBARA A,,94 CHAPMAN RD,"361,300","88,600",0,2019-05-21,1.37 A,R
WATROUS J MARK,WATROUS MARYANNE,42 KELLOGG RD,"343,300","95,700","241,000",2019-11-25,2.01 A,R
LAPOINT WILLIAM M + MARGOT M R,,73 MILLSTONE DR,"535,500","91,800","265,000",2002-06-10,1.34 A,R
GOULD JOHN C + ELLEN S,,38 QUINN RD,"297,900","101,700",0,1900-01-01,2.87 A,R
MCCLOSKEY COURTNEY,CEFARATTI CHRISTOPHER,17 PARKER RD,"264,100","75,000","245,000",2021-01-20,0.76 A,R
GORAL KARLA E,,47 MILLSTONE DR,"481,300","107,600",0,1997-06-10,3.10 A,R
DALOS & STERN LLC,,86 PARK RD,"424,600","90,200","200,000",2026-07-20,1.84 A,R
MURIEL MARIBEL,MORALES ROSEMBERG S,7 SURREY LN,"329,000","86,200","261,900",2021-01-29,1.52 A,R
CONOVER LAURA N,SABOURIN EDWARD,332 JONES HOLLOW RD,"420,000","83,000","250,000",2012-05-17,1.26 A,R
SMIGEL MATTHEW & KAITLIN,,80 ROBERTS RD,"415,200","80,300","295,000",2021-10-06,0.85 A,R
GOODALE DAVID R + GEORGETTE D,,62 MILLSTONE DR,"433,400","90,900",0,1986-09-29,1.23 A,R
GRANATEK RICHARD + SUSAN E,,364 JONES HOLLOW RD,"399,100","83,000",0,1900-01-01,1.26 A,R
LINO PAULA M,,31 WEST RD,"388,400","84,600","60,000",2015-10-30,1.37 A,R
BROWN GERALD,,41 EDSTROM RD,"369,500","92,000",0,2010-08-31,2.74 A,R
GRAY WILLIAM G III,,138 SANER RD,"291,600","91,300",0,1900-01-01,2.00 A,R
HAMELIN RENALD,,221 JONES HOLLOW RD,"240,600","73,000",0,2007-10-11,0.85 A,R
MEDINA LAUREN,STEVENS JAMES,10 VICTORIA LN,"428,200","90,900",540,2026-06-01,1.25 A,R
GRANT NANCY J + DAVID J,,71 DICKENSON RD,"379,800","84,600",0,1900-01-01,1.39 A,R
MEOLA MARK J & ELISE,,15 PINE GROVE RD,"374,300","87,800","277,000",2017-06-09,1.35 A,R
NIZEN JOHN  G & JEAN A,,396 JONES HOLLOW RD,"393,800","91,200","185,000",2011-08-08,1.99 A,R
DUBOIS RODERICK S JR + CAROL L,,9 MONHEGE PATH,"407,500","86,900","285,000",2004-05-05,1.25 A,R
AVERY RYAN R,,32 STAGE HARBOR RD,"334,800","87,800","254,900",2015-06-29,1.30 A,R
BFFE LLC,,15 BULL HILL RD,"426,600","135,700","360,000",2015-12-21,8.94 A,R
WERST ELRIC & JACQULIN,,45-47 PHELPS RD,"340,300","78,200","230,000",2016-06-10,0.91 A,R
BEVANS JASON & KIMBERLY C,,55 SO BUCKBOARD LN,"402,000","95,200","315,000",2008-07-31,1.94 A,R
GRINER DOUGLAS L,,5 WALNUT DR,"332,700","83,800",0,1979-08-16,1.33 A,R
BAIN FIONA M,COMBS JAMES E,463 JONES HOLLOW RD,"288,000","88,600",0,2018-07-30,1.70 A,R
STEARNS DONALD LEE,,11 KEIRSTEAD CIR,"251,600","53,200","150,000",2020-10-14,0.17 A,R
ANTONELLI RICHARD G & NICOLE J,,47 OGDEN LORD RD,"376,500","88,600","309,000",2008-07-23,1.40 A,R
COOPER JARET M,,74 ROBERTS RD,"326,000","79,400","186,200",2017-01-12,0.80 A,R
JACOBSON RICHARD A + SUSAN L,,43 HODGE RD,"403,000","94,000","195,000",1997-10-27,2.56 A,R
JANNAT LLC,,4 PORTLAND RD,"1,675,800","118,900","160,000",2019-07-31,2.04 A,DBIZ
KAMIENSKI MARK + KATHLEEN,,154 WEST RD,"327,900","82,200","277,500",2006-06-22,1.17 A,R
OKEEFE KENNETH P JR & DEVON M    J/T,,34 LAKERIDGE DR,"330,600","114,400",0,2013-09-30,0.55 A,R
DONNA SAWAN 2004 REVOCABLE TUST,,25 CHENEY RD,"832,100","536,800","1,050,000",2025-12-22,1.80 A,R
CASHMAN KELLY A,,35 STAGE HARBOR RD,"300,100","86,900","253,000",2007-09-07,1.28 A,R
SOBOLESKI BRIDGET & JAMES,,18 RIDGEWOOD DR,"353,100","86,400",0,2022-01-26,1.26 A,R
FALKOWSKI CHRIS + SHAUNA,,36 LAFAYETTE RD,"427,700","71,100","190,000",2004-01-31,0.44 A,R
CHASE SARAH C,,18 GLENWOOD DR,"255,600","69,900","240,000",2021-05-19,0.71 A,R
KESSLER DONALD,LAGE DEBORAH,92 ROBERTS RD,"266,400","83,600","195,000",2003-11-25,1.00 A,R
GULLIKSEN GEORGE A + CATHY M,,35 PORTLAND RD,"404,300","83,000",0,1900-01-01,1.28 A,R
WHITE RYAN J,DELUCA CARLA L,231 WEST RD,"425,500","83,800","281,000",2017-05-30,1.30 A,R
BENNETT DANIEL,,80 JONES HOLLOW RD,"260,900","73,700","181,000",2017-07-27,0.89 A,GC
MARLBOROUGH ARTS CENTER + MUSEUM INC,,231 NO MAIN ST,"398,700","86,200","70,000",1999-01-19,0.92 A,R
ANNINO CHRISTINE M,,77 KEIRSTEAD CIR,"283,100","60,800","226,500",2011-04-19,0.30 A,R
LEBLANC JON A,,15 HALL TRL,"352,300","60,800","272,000",2008-07-28,0.30 A,R
PATTERSON ANDREW M & NICOLE M,,CHAPMAN RD,"4,700","4,700","436,000",2024-06-11,0.67 A,R
HALL PARK CLUB INC,,116 NO MAIN ST,"34,500","34,500",0,1900-01-01,0.16 A,R
HALL PARK CLUB INC,,120 NO MAIN ST,"34,000","34,000",0,1900-01-01,0.14 A,R
CHICOINE DAWN J,,65 PARK RD,"268,600","69,400","196,000",2019-04-22,0.50 A,R
BERNIER JAMES & TAMMY LEIGH,,161 NO MAIN ST,"720,400","109,200","775,000",2024-10-24,0.40 A,R
CIESLOWSKI RICHARD J JR + SHANNON D,,15 BLISH RD,"281,800","66,200","182,500",2001-01-26,0.37 A,R
PAGE WEIR JENNIFER & MICHAEL,,12 LAUREL LN,"409,000","84,800","335,000",2021-10-29,0.90 A,R
EICHMILLER BRIANNE & BARRY,,80 HEBRON RD,"334,800","77,300","312,000",2022-06-20,1.84 A,R
VALENTINE JASON J + VANESSA J,,23 WASHINGTON RD,"612,100","87,800","85,000",2004-11-19,1.31 A,R
LEJEUNE DAVID F,,59 KEIRSTEAD CIR,"62,300","62,300",0,2022-03-23,0.34 A,R
GORGORLIONE ELISABETH,,47 ROBERTS RD,"437,100","90,300","380,000",2023-04-13,1.50 A,R
VENCESLAU CAROLYN ET AL,,25 WILLIAMSBURG RD,"371,500","86,900",0,2023-07-17,1.25 A,R
SMITH ANDREW R,,82 PETTENGILL RD,"277,200","79,500","162,000",2000-06-28,0.65 A,R
ISMARY REYES,DELUCA  CHRISTOPHER,66 FINLEY HILL RD,"401,500","91,000","295,000",2019-11-05,1.96 A,R
DOMINICK JOSEPH,,64 DICKENSON RD,"363,300","97,100","370,000",2025-11-24,3.47 A,R
STOCK SARAH,,158 WEST RD,"453,800","130,500",0,2017-07-20,13.59 A,R
ZARRELLA LAWRENCE & MARY LOU,,166 SOUTH RD,"314,600","83,600","229,900",2016-09-21,1.00 A,R
MILLER ALEXANDER T,,119 WEST RD,"338,000","85,400","285,000",2022-04-14,1.42 A,R
BELLO CARMELO P,BETANCOURT MAGGIE J,236 NO MAIN ST,"322,400","128,700","47,000",2021-01-11,0.98 A,R
HODGDON PERRY A,,120 STAGE HARBOR RD,"388,500","83,600",0,2023-04-12,1.00 A,R
WALKER LINDA J + JOHN H,,20 GLENWOOD DR,"242,600","69,900",0,1900-01-01,0.70 A,R
BRENZA FRANK L,GUMLAW MELODY A,183 FLOOD RD,"362,200","89,500","260,000",2006-12-04,1.42 A,R
MCNALLY PATRICK E & TRACY,,26 LAUREL LN,"425,100","92,600",0,2018-04-13,1.39 A,R
TERZA VINCENT D,,15 BUCKBOARD LN,"321,000","83,000","186,800",2013-10-31,1.27 A,R
HARVILL KENNETH S & AMY C,,15 LAKERIDGE DR,"770,800","397,500","479,900",2017-09-08,1.36 A,R
BONIN JEFFREY J,FOURNIER-BONIN SIERRA R,203 E HAMPTON RD,"333,700","70,500","242,000",2011-09-14,1.16 A,R
MIHOK RICHARD F,,18 LAUREL LN,"144,200","80,000","110,000",1986-12-01,1.03 A,R
STOMBERG ERIK A,,203 SOUTH RD,"451,100","85,300","8,000",2018-04-24,1.15 A,R
PRZESZLO ZOFIA + MARIUSZ,,94 DICKENSON RD,"438,700","88,600","235,000",2002-03-01,1.73 A,R
GONCALVES DAVID & SARAH,,10 ROBERTS RD,"373,100","80,300","298,750",2017-10-30,0.84 A,R
ADAMSON MARGARET,,61 SO BUCKBOARD LN,"393,100","83,400",0,2012-08-28,1.29 A,R
KOPCYK THOMAS & CHRISTINE M,,56 SANER RD,"586,800","88,600","385,000",2017-07-03,1.71 A,R
APPLETON BOLTON FAMILY TRUST,,51 WEST RD,"572,500","102,200",0,2024-03-20,5.30 A,R
SWANSON JOHN B & MEREDITH L,,29 PAPERMILL RD,"161,900","141,500",0,2024-09-13,8.62 A,R
HASTINGS AMANDA M,SHEA TIMOTHY R,68 DICKENSON RD,"502,400","93,300","292,500",2014-10-20,2.92 A,R
MCLAREN ALEXANDER S,,28 KEIRSTEAD CIR,"210,900","63,800","225,000",2022-08-03,0.42 A,R
CARABALLO MADONADO EIXA K,,20 JOHNSON RD,"528,900","116,000","524,000",2025-01-02,5.56 A,R
BARSZCZ KASIA,,164 CHENEY RD,"502,100","148,700","270,000",2020-07-07,2.10 A,R
SWANSON NORMAN R + JANET H,,98 DICKENSON RD,"328,700","99,000",0,1900-01-01,3.09 A,R
HERRMANN LINDA EXCUTRIX,,11 CARRIAGE LN,"359,300","83,000",0,2011-02-24,1.28 A,R
EURBIN TODD G,REZMAN IRENE A,15 BLACKLEDGE DR/S,"397,900","87,500",0,2023-05-24,2.31 A,R
SEMMELROCK MARK & BRENDA,,83 LAKERIDGE DR,"860,400","465,000","741,000",2022-09-27,0.75 A,R
MV GREEN LLC,,32 E HAMPTON RD,"1,310,000","140,000",0,2016-02-12,2.47 A,GC
CARLISLE PAUL F & JOSEPHINE A,,73 ROBERTS RD,"408,300","83,600",0,2021-07-15,1.00 A,R
KELLY ERIC J & EMILY B,,439 JONES HOLLOW RD,"396,600","83,800","290,000",2006-01-23,1.30 A,R
AUSTIN MARILYN J,,196 SO MAIN ST,"268,800","77,500",0,2013-01-29,1.15 A,R
FRAULINO ROBERT,,122 SANER RD,"375,200","83,800","259,000",2014-06-23,1.35 A,R
HJULSTROM REVOCABLE TRUST,,181 SO MAIN ST,"378,100","76,500",0,2022-01-24,1.39 A,R
BARRIN HELETON,GARCIA DE SANTANA LUANA,6 MAYFLOWER RD,"375,000","90,900","450,000",2026-01-08,1.26 A,R
GINGRAS MICHAEL H & DAWN V,,87 PARKER RD,"481,000","119,400","345,000",2019-09-09,6.05 A,R
PAULNITZ SUSAN K,,81 PARKER RD,"363,000","93,000","34,000",1993-09-16,3.53 A,R
MAGNAN LUKE M,JUNG NICOLE A,10 MAYFLOWER RD,"563,600","92,600","392,000",2013-10-30,1.37 A,R
HILBERT GARY R + MARY A,,14 KELLOGG RD,"466,600","94,500",0,1900-01-01,1.81 A,R
HOFFMAN ALAN H + DIANE F,,25 STAGE HARBOR RD,"312,000","88,600",0,1977-12-12,1.38 A,R
GIANOPOULOS GEORGE A,,35 LAKERIDGE DR,"879,800","395,200",0,2025-07-10,0.73 A,R
MCCALLUM RYAN PATRICK,,11 LAFAYETTE RD,"304,600","65,200","3,000,000",2021-08-26,0.28 A,R
HODGE WILFRED D,,36 CHENEY RD,"375,600","114,400",0,2017-07-06,0.56 A,R
HOLMES PETER H,,157 WEST RD,"283,900","77,400","75,000",2000-08-31,0.90 A,R
ASKLAR JOSEPH J III,,212+210 NO MAIN ST,"764,300","420,000",0,2002-10-17,0.41 A,R
HOLMGREN SHARON E,,15 FULLER RD,"238,600","65,500",0,2024-08-22,0.55 A,R
BEEGEE LLC,,109 JONES HOLLOW RD,"225,800","64,600","69,000",2020-01-31,0.45 A,R
HRUSKA PETER J,,164 WEST RD,"325,400","83,800",0,2016-03-21,1.29 A,R
TRAVIS MARGUERITE & KEITH,,33 MILLSTONE DR,"416,200","90,900","267,500",2019-11-08,1.28 A,R
JACOBSON ARTHUR E III,,167 JONES HOLLOW RD,"205,600","74,500","85,000",1993-12-22,0.92 A,R
HOPKINS DANA,,6 LAKE RD,"386,600","113,100","325,000",2023-09-12,0.51 A,R
LIRA ALEXANDER W,WRANA KRISTY M,59 DICKENSON RD,"463,800","84,600","525,000",2026-03-17,1.37 A,R
LICHATZ HAZEL M,,86 E HAMPTON RD,"661,100","133,400","350,000",2015-06-02,10.02 A,R
ASKLAR KEVIN P & CARRIE,,100 SOUTH RD,"556,200","101,300",0,2010-09-23,2.81 A,R
THOMAS SHAWN,SHARPE MICHELE,117 STAGE HARBOR RD,"463,400","86,900","215,000",2015-06-15,1.25 A,R
HARTLEY CARON J & KEVIN N,,34 DICKENSON RD,"413,800","85,700",0,2018-10-09,1.81 A,R
STONEHENGE AMERICA LLC,,43 MILLSTONE DR,"502,000","105,800",0,2011-07-25,2.95 A,R
LANDRY ELIZABETH,,23 RIVERVIEW CIR,"485,600","94,500","522,500",2025-05-23,1.84 A,R
HOYLAND BERNARD J ESTATE,,143 SANER RD,"412,500","80,600",0,2025-07-14,1.04 A,R
MORYTKO BRYAN T 2024 REVOCABLE TRUST,,64 JERRY DANIELS RD,"1,496,700","239,400",0,2024-12-26,47.32 A,R
AUBIN JARED DAVID,,9 FINLEY HILL RD,"304,700","91,100","350,000",2021-07-15,2.10 A,R
WELCH DEREK T & KIMBERLY A,,146 CHENEY RD,"475,500","120,900",0,2020-12-29,0.75 A,R
PISCATELLI RYAN & RUSSO RACHEL,,170 WEST RD,"424,800","90,500","375,000",2021-09-30,1.88 A,R
HOULE FAMILY REVOCABLE TRUST,,24 MILLSTONE DR,"496,700","90,000",0,2024-10-15,1.20 A,R
PULARIANI LEVAN & NINO,,6 FULLER RD,"398,800","81,200","165,000",2017-02-13,1.55 A,R
BACHAND ALFRED R + SUSAN K,,457 JONES HOLLOW RD,"302,200","91,300",0,1900-01-01,2.00 A,R
THOMPSON GARY,,51 ROBERTS RD,"481,800","91,100","557,000",2026-07-06,1.58 A,R
DESKUS JEFFREY A,,82 STAGE HARBOR RD,"438,100","83,600",0,2014-10-14,1.00 A,R
ALLIS CHARLES & ERIN,,156 WEST RD,"493,900","118,600","595,000",2024-05-20,6.40 A,R
PIATEK JOSEPH & KARREN,,59 PARK RD,"417,800","93,200","300,000",2020-09-09,2.27 A,R
LITTLEFIELD ROBERT & JEANNE,,25 HALL TRL,"225,400","57,800","185,000",2021-10-07,0.25 A,R
RONALD M COLONNA REV LIV TRT,,31 HALL TRL,"273,300","52,400",0,2017-03-13,0.16 A,R
BONOMO THOMAS M + ROSE E,,54 PARKER RD,"508,300","86,200","34,900",1998-04-20,1.50 A,R
ZYZDORF MIROSLAW & EDYTA,,321 SO MAIN ST,"449,200","86,900","257,250",2007-04-05,1.25 A,R
TRESSER JORDAN & NYLA,,37 PETTENGILL RD,"313,500","77,800","245,000",2006-07-17,0.60 A,R
STAGE HARBOR TRUST,,101+ 103 STAGE HARBOR RD,"388,300","91,100",0,2023-07-17,1.60 A,R
ANDROSS CARI M,GENOVESE NICHOLAS,11 EAGLE ROCK TRL,"453,200","92,600","343,000",2017-08-03,1.40 A,R
OCONNELL PATRICK M + SUZANNE M,,352 SO MAIN ST,"491,700","91,100","166,500",1996-04-12,1.59 A,R
GREGOR JOHN & JANET,,465 JONES HOLLOW RD,"450,700","87,000","335,000",2016-06-10,1.60 A,R
PRINCE RYAN,,120 JERRY DANIELS RD,"404,600","88,600","318,000",2020-09-02,1.38 A,R
DENSON PAULINE ESTATE,,101 SOUTH RD,"338,500","83,600",0,2026-07-16,1.00 A,R
HOWARD TERRY,,77 JONES HOLLOW RD,"534,500","85,500","268,000",2013-10-31,2.40 A,R
HYLAND ERIC J + STEPHANIE,,85 SOUTH RD,"337,600","86,900","90,000",2001-07-31,1.26 A,R
BEACHAM HEATHER L,GEORGE JASON R,83 DICKENSON RD,"381,600","87,800","274,900",2020-12-08,1.61 A,R
HURLBUTT BRIAN R,HURLBUTT NICOLETTE J,36 PHELPS RD,"452,900","208,900",0,2022-06-28,19.50 A,R
ITSOU Z PETER + NANCY W,,110 SANER RD,"366,400","83,000",0,1900-01-01,1.25 A,R
DOLCE WILLIAM & NADIYA,,17 RIDGEWOOD DR,"452,100","76,200","247,500",2021-11-05,1.58 A,R
CHERYL ANN,FOLEY TIMOTHY  ESTATE OF,75 JOHNSON RD,"598,900","94,500",0,2026-08-20,2.65 A,R
CANNATA JOHN D,,148 WEST RD,"346,500","82,200","59,000",2002-09-18,1.18 A,R
J & L LAWRENCE LIVING TRUST,,27 HERITAGE DR,"423,000","90,900",0,2026-08-07,1.25 A,R
JACKSON GEORGE M SR EST,,257 JONES HOLLOW RD,"204,500","83,600",0,2026-06-26,1.61 A,R
WILLIAMS SHEENA ERIN,,185 NO MAIN ST,"222,800","125,300","600,000",2026-02-17,7.76 A,R
ORSUNNY CALEB,,141 WEST RD,"353,200","107,000","389,000",2024-09-17,4.84 A,R
BISTER KYLIE M & MATTHEW L,,59 HODGE RD,"493,400","127,300","300,000",2017-05-01,12.65 A,R
204-210 EHRD LLC,,204-210 E HAMPTON RD,"473,600","101,800",0,2018-04-11,5.38 A,R
KASHALAPOV ROMAN & YEKATRINA,,77 JOHNSON RD,"437,600","94,700","250,000",2006-12-26,2.48 A,R
HENLEY GORDON N + VALERIE A,,16 DENLER DR,"327,200","128,700","124,500",1996-07-26,0.95 A,R
JACQUES LIVING TRUST,,44 HEMLOCK DR,"402,300","92,000",0,2025-11-17,1.65 A,R
JACQUES JEAN MARTIN + PATRICIA L,,405 JONES HOLLOW RD,"459,600","97,500",0,1993-01-06,3.00 A,R
CARRIER KEVIN,KULA LAURA,59 ROBERTS RD,"348,200","92,000","378,000",2023-06-20,1.61 A,R
JEFFRIES ROBERT F & CAROLE A,,7 OAK DR,"299,000","87,000",0,2014-10-17,1.60 A,R
JANSSON EULENE E TRUST,,27 WALNUT DR,"382,100","83,000",0,2003-10-28,1.26 A,R
PAMELA M CASALE REVOCABLE TRUST,,104 FLOOD RD,"443,300","117,000",0,2021-11-03,4.44 A,R
J A S RESIDENTIAL LLC,,10 MYRNA DR,"216,900","67,000","181,500",2026-07-14,0.62 A,R
MAHONEY BRIAN M & JENNIFER L,,127 JONES HOLLOW RD,"522,300","68,400","375,000",2016-06-20,0.62 A,R
BOURBEAU DEBORAH C,,174 NO MAIN ST,"676,000","391,500",0,2025-05-19,0.52 A,R
JOHNSON DAVID D + MARJORIE,,50 PHELPS RD,"379,700","81,400",0,1900-01-01,1.10 A,R
MOGAVERO DAVID & DEBORAH,,191 SOUTH RD,"345,000","86,100","290,000",2026-02-04,1.18 A,R
ROVETTI JENIFFER,CHANNEGOWDA PARIKSHITH,3 BEVERLY LN,"494,700","83,600","426,000",2022-06-23,1.00 A,R
MARLBOROUGH RENTALS LLC,,27-29 NO MAIN ST,"390,100","64,100","410,000",2023-11-22,0.47 A,CG
JOHNSTON GAIL GAUTHIER,,42 DICKENSON RD,"464,000","92,100",0,1986-12-15,2.11 A,R
TARCA JADE E,GONZALEZ ROBERT J,12 CAFFYN DR,"324,500","79,800","275,000",2020-07-31,1.00 A,R
242 WEST ROAD JGLLC,,242 WEST RD,"1,374,000","102,900","1,000,000",2021-03-12,5.50 A,R
EVANS THOMAS R,,6 INDEPENDENCE DR,"1,072,800","135,900","675,000",2009-08-31,1.88 A,GC
JULIAN THERESA   L/U,JULIAN JERRY J & JEFFREY P,326 JONES HOLLOW RD,"295,500","79,000",0,2019-02-04,1.26 A,R
TALAMONA CAROL & MICHAEL   J/T,,32 PORTLAND RD,"435,100","116,300",0,2009-05-26,5.61 A,R
JOHNSON CAROL A,,7 LAUREL LN,"218,000","85,700",0,1900-01-01,0.92 A,R
NEURATH PROPERTIES LLC,,74-76 STAGE HARBOR RD,"413,200","83,600",0,2012-03-05,1.00 A,R
33 LAUREL LANE LLC,,33 LAUREL LN,"656,700","100,000","570,000",2025-04-25,2.01 A,R
RYAN MAURA,ALARCON VICTOR MANUEL,71 ROBERTS RD,"348,500","86,100","378,000",2024-04-08,1.20 A,R
NIXON MATTHEW D & KRISTA L,,107 WEST RD,"405,900","76,600","335,000",2022-06-02,0.86 A,R
CHURCHILL  JENNIFER L & RALPH,,1 BEVERLY LN,"355,400","120,900","245,000",2020-08-24,0.75 A,R
JURS KENNETH R + JOANNE S,,15 LAUREL LN,"383,500","101,200",0,1900-01-01,2.19 A,R
T. O. MARLBOROUGH,,HEMLOCK DR,"114,500","114,500",0,1900-01-01,4.00 A,R
HUMPHREYS MICHAEL G & DANA,,30 HERITAGE DR,"527,400","98,800","268,000",2016-07-05,1.84 A,R
ADAMS ROBIN J,,20 FULLER RD,"254,100","65,500","125,000",2016-05-02,0.54 A,R
BATTISTA JUSTIN,,7 KNEELAND RD,"454,600","186,800","335,000",2021-03-03,16.07 A,R
GILBERT JESSICA L,COOPER JASON A,85 CHAPMAN RD,"725,600","128,500","535,000",2016-02-18,11.76 A,R
LARSON KAREN P,,142 JONES HOLLOW RD,"493,200","94,200",0,2011-08-02,3.03 A,R
KANCLER PAMELA J,,207 SO MAIN ST,"363,600","80,600",0,2020-04-01,1.38 A,R
STOEHR CHRISTINA L,MAISANO PETER M,62 ROBERTS RD,"366,600","79,400","265,000",2010-06-21,0.81 A,R
GRAMMENS PAUL MICHAEL,MATSON VINCENT DAVID,37 DICKENSON RD,"470,600","88,600","346,000",2016-04-12,1.70 A,R
KANIA MARGARET A,,61 SOUTH RD,"420,800","87,800",0,2025-08-27,1.31 A,R
WELLER EARL H III & REBECCA E,,123 JONES HOLLOW RD,"494,100","83,600","225,000",2014-08-15,1.61 A,R
GIANETTI TODD M + NANCY L,,90 JONES HOLLOW RD,"300,700","70,700","192,500",2003-09-24,0.75 A,GC
MCCARRON PAUL J + N LYNNE,,15 DEER RUN,"367,000","86,900","135,000",1998-08-14,1.25 A,R
FOX MATTHEW P & SUSAN M,,88 PETTENGILL RD,"396,400","80,400",0,2011-11-29,0.68 A,R
SPENCER NICHOLE E & JODI L,,31 HICKORY RD,"334,000","71,400","245,000",2020-10-01,0.79 A,R
KEARNS TIMOTHY J + SUSAN R,,41 CHAPMAN RD,"455,700","80,600","150,000",2002-05-03,1.08 A,R
PABOUET PATRICK + MARIE,,429 JONES HOLLOW RD,"345,900","83,000","153,000",1991-10-31,1.25 A,R
KEATING FAMILY LIVING TRUST,,19 RIVERVIEW CIR,"441,600","94,500",0,2025-05-06,1.84 A,R
BOUDREAU MARK + JENNIFER,,47 PETTENGILL RD,"303,800","76,000","115,000",2000-02-28,0.50 A,R
SCHULTZ TRACY L,DORAU RYAN S,215 SOUTH RD,"415,600","81,000","309,000",2018-11-06,1.15 A,R
KELLER DOROTHY B ESTATE,,211 WEST RD,"463,700","83,800",0,2026-01-05,1.35 A,R
MCNALLY KEVIN M & RANNA,,38 ROBERTS RD,"393,500","77,700",0,2024-09-20,0.75 A,R
DUGDALE TINA F & THOMAS W,,17 OLD CIDER MILL LN,"1,167,900","515,000",0,2025-04-15,1.17 A,R
DONNELLY WILLIAM J,,85 DICKENSON RD,"348,800","86,200","210,000",2011-07-11,1.52 A,R
DAVIDSON ZACHARY,LUCA WENDY J,5 PARK RD,"348,000","83,800","325,000",2022-05-16,1.30 A,R
KILIS BOHDAN T JR + MARILYN F,,365 SO MAIN ST,"524,200","122,600",0,1989-02-28,5.89 A,R
MURRAY BRIAN & SHAWNA L,,23 MILLSTONE DR,"375,000","90,000","380,000",2022-08-31,1.19 A,R
FRANCKS ROBERT L + SUSAN L,,86 JONES HOLLOW RD,"285,000","67,100","110,000",1994-11-07,0.75 A,GC
PAGGIOLI ADAM J,,22 MAYFLOWER RD,"435,000","93,500","460,000",2025-03-07,1.42 A,R
RUTH ELEANOR KELLY REV TRUST,,9 WALNUT DR,"378,800","83,000",0,2017-01-17,1.25 A,R
BISHOP JANET L,,17 WASHINGTON RD,"235,900","62,700",0,2015-07-21,0.23 A,R
HAWKES JUSTIN,,33 EDSTROM RD,"468,100","99,600","349,900",2007-02-01,3.19 A,R
LENTINI SHANE A,,137 JONES HOLLOW RD,"333,300","87,000","400,000",2022-06-23,2.00 A,R
CRAGNOTTI KATHERINE,THIME WARREN R,39 ROBERTS RD,"361,700","81,800","167,000",1996-07-22,1.20 A,R
HOFFMAN STEPHANIE N & RYAN G,,17 STAGE HARBOR RD,"311,400","86,900","174,000",2013-09-11,1.28 A,R
KEISTER WILLIAM JR + ELIZABETH A,,5 LAKE RD,"700,900","149,800",0,2003-05-29,2.25 A,R
BURNS RILEY S,BROUILLARD JASMINE,11 CAFFYN DR,"335,300","69,400","400,000",2026-01-12,0.50 A,R
COLON IVETTE,,144 HEBRON RD,"331,500","73,900","230,000",2023-01-30,1.50 A,R
PILVER KENNETH S,,18 WALNUT DR,"341,000","83,000",0,1993-02-22,1.27 A,R
KIVNEY JAMES P JR + LAURIE G,,36 BLACKLEDGE DR/N,"299,100","99,300",0,1900-01-01,4.00 A,R
GUSTAFSON ANDREA,,20 PHELPS RD,"326,800","69,400","436,000",2025-11-04,0.50 A,R
PARADIE DAVID S + NANCY J,,13 ROBERTS RD,"352,400","77,700","138,000",1995-05-31,0.75 A,R
FARRELLY RYAN A,FARRELLY NICOLE M,49 ROBERTS RD,"575,900","88,600","359,900",2020-01-17,1.41 A,R
RYAN KEVIN P & DONNA M,,18 PHELPS RD,"211,400","69,400",0,2022-02-10,0.50 A,R
KLEINSCHMIDT MICHAEL A + PETRINA W,,85 WEST RD,"491,200","110,400",0,2001-11-09,4.72 A,R
LEBLANC PHILIP R + MICHELLE,,49 SO BUCKBOARD LN,"385,000","97,200","239,900",2002-08-27,2.23 A,R
BALAMUCKI STANLEY J + MARY ANN,,57 DICKENSON RD,"449,600","88,600",0,1900-01-01,1.71 A,R
JOHNSON CHRISTOPHER,,97 SOUTH RD,"348,100","86,900","280,000",2022-07-19,1.26 A,R
ALLEGRETTI WILLIAM JR,,44 WASHINGTON RD,"269,100","72,700","185,000",2004-11-15,0.51 A,R
MESKILL MARGARET A,,211 SOUTH RD,"325,100","81,800","185,000",2003-04-29,1.16 A,R
HERR EDWARD A,,104 DICKENSON RD,"342,500","97,500","226,000",2017-11-28,2.88 A,R
DELESDERNIER NATHAN,KILPATRICK MEGHAN,7 CAFFYN DR,"196,500","69,400","300,000",2025-11-18,0.50 A,R
KOMPANIK JOHNET C EST,,52 FINLEY HILL RD,"342,200","96,800",0,2025-09-22,2.78 A,R
STEELE JENNIFER AND CHRISTOPHER,,10 WALNUT DR,"351,600","83,000","269,000",2021-01-13,1.25 A,R
BALCHAN JAN + DANUTA T,,42 SO BUCKBOARD LN,"402,500","87,800",0,1900-01-01,1.32 A,R
BANKOWSKI TYLER,UNGER AMBERLYN,138 HEBRON RD,"318,900","73,900","288,000",2022-09-28,1.50 A,R
PETERSON VINCENT A,,11 MYRNA DR,"293,500","68,500","135,000",2016-06-23,0.70 A,R
KOWAL TIMOTHY D + MARY A,,75 LAKERIDGE DR,"756,200","440,000",0,1900-01-01,0.55 A,R
CLEASBY KRISTEN,,39 MILLSTONE DR,"539,700","99,200","515,000",2023-05-17,4.02 A,R
TROCCHI JOHN,,159 E HAMPTON RD,"246,200","78,400","125,000",2002-11-26,2.00 A,R
ZACZYNSKI DAVID J,,37 DENLER DR,"364,400","80,300","299,900",2018-08-27,0.85 A,R
OBRIEN PAMELA L & RICHARD W,,15 RIDGEWOOD DR,"368,600","79,000","242,000",2019-04-24,1.80 A,R
RILEY DAVID W,,35 HODGE RD,"312,400","69,400","340,000",2023-11-06,0.50 A,R
HARTENSTEIN KAREN,,37 HODGE RD,"382,000","64,700",0,2004-02-26,1.28 A,R
KULAK CYNTHIA A + MICHAEL C,,98 JERRY DANIELS RD,"339,600","88,600",0,2005-08-30,1.39 A,R
HAYES SEAN MICHAEL,,32 STONY BROOK DR,"342,000","86,900","365,000",2022-05-05,1.26 A,R
GEBHARDT PATRICK,,143 SO MAIN ST,"277,300","70,700","353,000",2026-01-05,0.75 A,R
KOSHKO ROBERT + PATRICIA,,31 PARKER RD,"457,400","99,000",0,1900-01-01,3.10 A,R
MISSAL KARL & BARBARA,,21 LAFAYETTE RD,"260,900","68,600","228,000",2021-12-16,0.34 A,R
LARSON NATHANIEL J,,163 JONES HOLLOW RD,"281,300","74,500",0,2021-11-17,0.92 A,R
EASTERN PROPERTIES LLC,,11 DENLER DR,"417,900","123,500","212,000",2021-06-01,0.80 A,R
GOODWILL BARRY,,26 WEST RD,"300,700","97,100","180,000",2020-10-06,2.82 A,R
MADORE RODNEY + JULIE A,,181 E HAMPTON RD,"391,600","70,500","215,000",2004-03-29,1.16 A,R
DALEY JASON A & BOBELLA C,,300 JONES HOLLOW RD,"348,900","83,000","268,800",2016-05-31,1.25 A,R
FAWLEY W III JOSEPH,,36 BULL HILL RD,"430,500","126,800","247,000",2019-11-22,6.60 A,R
LABICKAS MICHAEL L + PATRICIA A,,58 ROBERTS RD,"331,900","78,600",0,1900-01-01,0.77 A,R
NI PEIHUA,ZHANG LIHE,131 HEBRON RD,"486,800","70,100","295,000",2011-07-13,3.33 A,R
VILCINSKAS MARK + AMY,,9 ALDEN CIR,"387,100","87,800","169,500",1996-04-01,1.30 A,R
BACKIEL HERMAN,,19 MILLSTONE DR,"473,600","90,000","500,000",2026-05-27,1.17 A,R
LACHAPELLE THEODORE A + JANE M,,66 STAGE HARBOR RD,"514,000","89,400",0,1900-01-01,1.83 A,R
OMEARA DAVID F + ELIZABETH P,,4 WALKER LN,"233,300","62,900","112,500",2000-05-17,0.19 A,R
LAMBIASE RALPH A LIVING TRUST,,56 SO BUCKBOARD LN,"420,600","86,900",0,2024-09-24,1.27 A,R
HANNON THOMAS K,BISKE SUSAN F,69-71 STAGE HARBOR RD,"345,500","87,800",0,1990-08-28,1.35 A,R
SMUDA JOHN + JUDY D,,155 FLOOD RD,"371,500","88,600","148,000",1986-12-29,1.38 A,R
HEINZMAN JUSTIN D,,268 NO MAIN ST,"338,200","77,500","215,000",2014-10-29,1.26 A,R
RODRIGUEZ JOSE F,STUARTE RACHAEL & ALBELO JOSE JR,125 CHENEY RD,"414,600","114,400","545,000",2025-12-15,0.55 A,R
GIACCONE MICHAEL J & CHARLOTTE,,438 JONES HOLLOW RD,"346,900","83,000","335,000",2007-05-09,1.26 A,R
SACHOK GREGORY,,11 MAYFLOWER RD,"434,400","93,500","276,800",2019-05-20,1.45 A,R
LEMAY PETER J + PATRICIA N,,12 MONHEGE PATH,"438,800","86,900","234,000",1989-04-24,1.25 A,R
MILLER DAVID & LYNN ANN,,355 SO MAIN ST,"386,500","106,100",0,2024-08-26,3.50 A,R
ROGER A LAINE TRUSTEE,,6 HICKORY RD,"321,500","66,900",0,2012-10-01,0.54 A,R
LEMIEUX RICHARD J,,64 KEIRSTEAD CIR,"254,700","67,600",0,2025-10-24,0.59 A,R
SULLIVAN SUSAN B TRUSTEE,,31 MILLSTONE DR,"481,400","90,000",0,1999-03-10,1.22 A,R
MANERO CHRISTOPHER K,KELLY KATHLEEN M,14 SO BUCKBOARD LN,"388,900","83,800",0,1986-09-22,1.30 A,R
MANCINI JOHN MICHAEL,,32 NO PARKER RD,"374,100","108,900",0,1900-01-01,4.58 A,R
MCGINNIS THOMAS J & SARAH D,,117 SO MAIN ST,"245,700","86,700",0,2013-09-06,1.95 A,R
21 AUSTIN-HGB LLC,,JOHNSON RD,"14,700","14,700","205,000",2019-07-25,2.10 A,GC
CALLAWAY LAURA R,,15 SO STONY BROOK DR,"550,800","94,400","25,000",2012-12-19,1.48 A,R
GOODALE ARTHUR K. JR. & JULIE A,,31 PHELPS RD,"432,600","100,600",0,2008-09-12,3.32 A,R
ASKLAR JOSEPH J & CAROL C  LIVING TRUST,,350 NO MAIN ST,"699,500","114,200",0,2026-09-08,3.47 A,DBIZ5
LIBERTY BANK,,26 E HAMPTON RD,"646,300","118,800",0,1987-08-31,0.95 A,GC
DMOCHOWSKI ROSS A,,11 SO BUCKBOARD LN,"379,900","87,800",0,2024-12-11,1.30 A,R
MATTA RODOLFO JR,ST GERMAIN REBECCA,36 PORTLAND RD,"478,700","118,700","505,000",2025-06-16,7.80 A,R
4-8 EAST HAMPTON RD LLC,,4-8 E HAMPTON RD,"3,891,100","1,446,400","1,400,000",2017-11-06,2.20 A,GC
THERIAULT ERIC & TANIA,,21 SO BUCKBOARD LN,"347,300","86,900","243,000",2016-12-08,1.25 A,R
NORTHERN PROPERTIES LLC,,3-5 AUSTIN DR,"340,300","94,100","110,000",1994-03-31,0.93 A,DBIZ5
BLACK JASON,,30 PARKER RD,"290,400","91,300","365,000",2024-06-26,2.00 A,R
MORLEY MICHAEL P,,11 LAUREL LN,"375,700","90,000","215,000",2020-01-09,1.18 A,R
M3-5 LLC,,3-5-7 E HAMPTON RD,"15,570,200","1,127,600","6,960,000",2016-02-12,12.12 A,DC
WOODARD EDWARD C,,43 SO STONY BROOK DR,"371,600","90,900",0,2006-07-18,1.25 A,R
CEVALLOS JUAN,,182 SO MAIN ST,"415,900","71,100","226,500",2022-01-20,1.25 A,R
ALVAREZ CARLOS MANUEL,,62 SO STONY BROOK DR,"434,500","98,900","450,000",2024-08-26,1.85 A,R
BREITKOPF THOMAS,,64 SO STONY BROOK DR,"418,800","97,000","300,000",2018-06-04,1.69 A,R
EGGERT MICHAEL L JR,,112 STAGE HARBOR RD,"363,600","83,600","275,000",2022-01-04,1.00 A,R
EARLEY LINDA G & GEORGE W,,48 SO STONY BROOK DR,"445,400","90,900",0,2013-09-23,1.25 A,R
RESSLER EDWARD W + DEBRA A,,30 MILLSTONE DR,"387,700","89,100",0,1900-01-01,1.15 A,R
MATUNAS EDWARD G + MARIANNE L,,176 SO MAIN ST,"402,900","71,100","150,000",1987-09-01,1.25 A,R
PANTELONE ROBERT F + DONNA,,20 SO BUCKBOARD LN,"397,300","86,900","220,000",2001-08-30,1.26 A,R
LICHATZ HAZEL M,,78 E HAMPTON RD,"467,800","96,100","225,000",2010-09-20,4.53 A,R
BENJAMIN ROBERT JR,SHAW KRISTIE R,93 SO MAIN ST,"342,900","85,900","174,900",2012-12-10,1.84 A,R
IMLACH JAMES MICHAEL & VICTORIA,,29 MYRNA DR,"242,600","64,800","265,000",2022-06-10,0.52 A,R
SOBIERALSKI BARTOSZ,SALONIA JESSICA,28 SO BUCKBOARD LN,"383,400","86,900","345,000",2006-05-03,1.27 A,R
BCD HOLDINGS LLC,,369 NO MAIN ST,"1,847,900","275,400","450,000",2013-05-15,2.24 A,GC
HAUG DEVELOPMENT CORP,,351 NO MAIN ST,"1,008,800","116,000",0,1900-01-01,2.91 A,DBIZ
SKOGLUND THOMAS W + SUSAN S,,195 SO MAIN ST,"290,400","85,900","133,930",1994-05-25,1.80 A,R
BATAILLE TROY & AMY,,63 SO STONY BROOK DR,"467,700","90,900","276,250",2011-08-20,1.25 A,R
BATISTA JOHN,,16 MILLSTONE DR,"478,400","90,000","265,000",2022-03-11,1.17 A,R
LANE ROY & DEBORAH,,137 NO MAIN ST,"351,500","97,500","365,000",2025-10-06,0.23 A,R
MARLBOROUGH PROFESSIONAL CENTER LLC,,9-11 SO MAIN ST,"1,050,300","139,300",0,2025-08-28,2.37 A,GC
SMITH JULIE,,30 MYRNA DR,"302,900","66,300","369,000",2024-06-04,0.60 A,R
TRACY DWIGHT D + CHRISTINE C,,103 SO MAIN ST,"259,300","94,000",0,1900-01-01,3.00 A,R
STEINBRECHER MICHAEL D,MAJOCHA ANNE,206 SO MAIN ST,"329,700","66,100","130,000",1998-04-17,0.50 A,R
TURGEON WALTER D + WENDELLA D,,136 SO MAIN ST,"399,000","85,800",0,1900-01-01,2.44 A,R
FERN SANDY,,58 SO STONY BROOK DR,"440,800","97,000",0,2004-11-17,1.68 A,R
WEBER RAYMOND K JR + MARGARET A,,12 STANDISH DR,"378,200","86,200",0,1900-01-01,1.52 A,R
MONK ROBERT & ANN-SHERI,,16 ISLEIB RD,"446,700","88,600","280,000",2015-09-11,1.40 A,R
FITZGERALD PRIYA & SCOTT,,65 SO STONY BROOK DR,"459,200","91,800","315,000",2015-07-13,1.30 A,R
RICHARDSON JERRY & MONIQUE,,27 SO STONY BROOK DR,"618,400","123,000","580,000",2023-12-27,6.20 A,R
CATUCCIO DAVID & JEANNE,,68 SO STONY BROOK DR,"389,900","99,600","278,000",2018-08-27,1.96 A,R
YARDIS MADELINE R,,41 SO STONY BROOK DR,"458,300","90,900",0,2001-01-12,1.25 A,R
DIAZ DANIEL,,4-10 AUSTIN DR,"527,000","88,300","560,000",2024-07-15,2.52 A,R
WILLIAMSON HERBERT,BRANGIERO SANDRA,57 SO STONY BROOK DR,"554,000","91,800",0,2026-01-05,1.29 A,R
LITTLE PEOPLES PLAY PLACE LLC,,8-10 SARAH LN,"290,200","92,500","250,000",2023-06-02,2.83 A,GC
ZARESKI DIANNE L,,56 SO STONY BROOK DR,"436,900","110,800",0,2013-11-20,3.99 A,R
COLLIN MARTIN J & DIEVERT ALEXIS,,11 HICKORY RD,"218,900","66,100","220,000",2021-08-18,0.50 A,R
WHITMORE DAVID E + KATHLEEN M,,27 SO BUCKBOARD LN,"345,100","86,900","138,000",1996-08-29,1.25 A,R
SRIVASTAVA INDRESH K & RANJANA,,41 AVALON LN,"790,300","116,800","590,000",2016-06-28,1.58 A,R
KALKUS TRENT W & ERIN-ANNE O,,16 POND VIEW LN,"762,700","103,900","117,630",2007-12-21,1.14 A,R
MORIN LISA C,,20 PORTLAND RD,"305,700","82,200","58,750",2005-09-26,1.20 A,R
MARLBOROUGH TOWN OF,,32 PARK RD,"617,300","150,300",0,1900-01-01,12.89 A,DGE
MCGEOUGH KATHRYN J,,2 HOLLY LN,"408,900","106,600","291,000",2020-03-30,2.50 A,R
CAVANAUGH MICHAEL D,,82 SO MAIN ST,"314,200","97,500",0,2006-09-25,3.50 A,R
HELMBRECHT JOSHUA,,31 SO STONY BROOK DR,"533,000","92,600","280,000",2016-08-19,1.38 A,R
MCNEIL KEVIN & DANIELLE,,52 SO STONY BROOK DR,"457,800","90,900","359,000",2022-04-27,1.26 A,R
TORRES ESTER G & RIVERA JAIMIE B,,3 HIDDEN WOODS DR,"595,100","129,900","524,170",2022-02-23,5.70 A,R
WINDISH WILLIAM J IV,,51 SO STONY BROOK DR,"470,200","90,900","272,500",2016-06-02,1.25 A,R
GASPARINI HARRY D & DEBRA A,,187 FLOOD RD,"345,700","92,000","286,000",2007-09-28,1.65 A,R
DECSARE GROUP LLC,,8-12 LAKE RD,"412,200","115,700",0,2021-10-28,0.57 A,R
KOWAL KAREN TRUSTEE OF,,19 BLACKLEDGE DR/N,"410,500","89,500","82,500",2015-06-23,2.60 A,R
MATHIAU MARK R + CHERYL A,,12-14 WALKER LN,"337,200","85,700",0,2006-08-23,0.93 A,R
GRELOCH TOMASZ & JENNIFER,,24 SANER RD,"889,500","72,500","43,750",2021-03-11,1.92 A,R
FORAN ROBERT L + MARJORIE B,,4-6 LAUREL LN,"402,200","110,100",0,1900-01-01,3.45 A,R
PAUL CHRISTOPHER,,188 SO MAIN ST,"347,100","71,100","114,000",2013-11-12,1.26 A,R
BOTH LLC,,12-14 JONES HOLLOW RD,"3,432,800","371,600","400,000",2001-09-26,5.71 A,GC
KOONANKEIL JAMES M + REEJA J,,24 SO BUCKBOARD LN,"387,000","87,800","260,000",2004-03-04,1.31 A,R
BEDNARZ JUSTIN & STACEY,,16 KELLOGG RD,"340,800","95,700","240,000",2010-09-15,2.01 A,R
GORBACHEV VLADIMIR & SERAFIMA   J/T,,12 SO STONY BROOK DR,"360,600","90,900","275,000",2012-12-26,1.26 A,R
GREGORY JOHN E,CAMPBELL WANDA,265+ NO MAIN ST,"550,300","99,800",0,2023-02-14,6.80 A,R
GARDNER MITCHELL T,,15 ISLEIB RD,"331,300","83,600","188,000",2012-05-14,1.00 A,R
BARTON DOUGLAS & JANET KAY,,21 DICKENSON RD,"346,200","83,000","249,900",2020-06-15,1.26 A,R
KRESKOVSKY JOHN,,42 SO STONY BROOK DR,"380,400","90,900",0,1900-01-01,1.25 A,R
YODER MATTHEW STEPHEN,CHIAPUTTI  ERIN JEAN,25 SO BUCKBOARD LN,"409,700","83,000","270,000",2018-07-17,1.25 A,R
CAPOZZA JOHN & LESLIE,,58 LAUREL LN,"597,300","89,100","415,000",2005-08-08,1.15 A,R
CURRAN BRIAN,RAYMOND DINA,37 HEMLOCK DR,"433,900","86,900","355,000",2006-05-12,1.28 A,R
DESORBO NICHOLAS,,14 STAGE HARBOR RD,"392,300","94,500","248,000",2019-07-08,1.82 A,R
PROVIDENCE 9 LLC,,344 NO MAIN ST,"800,900","94,100","679,000",2026-06-02,0.92 A,GC
RESERVOIR RD REVOCABLE TRUST,,49 SO MAIN ST,"569,000","98,100","648,000",2026-06-10,3.59 A,R
GORECKI RYAN & KATHRYN,,127 SO MAIN ST,"570,000","83,500","595,000",2026-06-17,2.11 A,R
LEONE JENNA,,16 JOHNSON RD,"383,800","94,700","429,000",2023-06-14,2.48 A,R
ABRAHAMSSON GUNNAR & JULIANA,,101 SO MAIN ST,"317,300","73,700","350,000",2026-06-03,0.89 A,R
MAY ALEXANDER,,10 SO BUCKBOARD LN,"359,400","87,800","355,000",2021-08-11,1.31 A,R
